Order ID,Date,Customer ID,Product Name,Category,Quantity,Price,Region
ORD-1000,2025-04-04,CUST-186,Lumina Desk Lamp,Home,4,45,Latin America
ORD-1001,2025-02-17,CUST-27,Lumina Desk Lamp,Home,3,45,Europe
ORD-1002,2025-11-19,CUST-142,Nile-Pad Pro,Electronics,4,799,Latin America
ORD-1003,2025-11-20,CUST-58,Nile-Pad Pro,Electronics,1,799,Asia-Pacific
ORD-1004,2025-06-04,CUST-115,Lumina Desk Lamp,Home,1,45,Latin America
ORD-1005,2025-07-01,CUST-159,Cloud-Walker Shoes,Apparel,4,120,Europe
ORD-1006,2025-10-22,CUST-149,Lumina Desk Lamp,Home,3,45,Europe
ORD-1007,2025-06-24,CUST-84,Lumina Desk Lamp,Home,3,45,Latin America
ORD-1008,2025-03-18,CUST-105,Terra-Flask 1L,Home,2,35,Latin America
ORD-1009,2025-03-09,CUST-68,Lumina Desk Lamp,Home,3,45,Europe
ORD-1010,2025-03-21,CUST-48,Lumina Desk Lamp,Home,1,45,Asia-Pacific
ORD-1011,2025-01-28,CUST-6,Lumina Desk Lamp,Home,4,45,Asia-Pacific
ORD-1012,2025-03-21,CUST-82,Smart-Watch X,Electronics,4,299,North America
ORD-1013,2025-11-30,CUST-14,Eco-Tee Organic,Apparel,1,25,Latin America
ORD-1014,2025-11-13,CUST-72,Nile-Pad Pro,Electronics,4,799,Latin America
ORD-1015,2025-01-11,CUST-183,Smart-Watch X,Electronics,1,299,Europe
ORD-1016,2025-06-20,CUST-62,Nile-Pad Pro,Electronics,1,799,North America
ORD-1017,2025-01-05,CUST-71,Terra-Flask 1L,Home,1,35,Asia-Pacific
ORD-1018,2025-11-19,CUST-176,Lumina Desk Lamp,Home,4,45,Asia-Pacific
ORD-1019,2025-08-17,CUST-66,Nile-Buds Air,Electronics,4,199,Europe
ORD-1020,2025-01-17,CUST-145,Eco-Tee Organic,Apparel,2,25,Europe
ORD-1021,2025-11-10,CUST-135,Smart-Watch X,Electronics,3,299,North America
ORD-1022,2025-09-18,CUST-143,Nile-Buds Air,Electronics,4,199,Asia-Pacific
ORD-1023,2025-12-19,CUST-55,Smart-Watch X,Electronics,2,299,Europe
ORD-1024,2025-03-19,CUST-98,Terra-Flask 1L,Home,4,35,Latin America
ORD-1025,2025-11-27,CUST-106,Nile-Buds Air,Electronics,3,199,Latin America
ORD-1026,2025-11-23,CUST-95,Smart-Watch X,Electronics,4,299,North America
ORD-1027,2025-12-23,CUST-62,Smart-Watch X,Electronics,3,299,Latin America
ORD-1028,2025-04-14,CUST-59,Smart-Watch X,Electronics,4,299,North America
ORD-1029,2025-09-30,CUST-105,Lumina Desk Lamp,Home,4,45,Asia-Pacific
ORD-1030,2025-09-27,CUST-56,Lumina Desk Lamp,Home,1,45,Europe
ORD-1031,2025-12-05,CUST-10,Cloud-Walker Shoes,Apparel,4,120,Asia-Pacific
ORD-1032,2025-03-05,CUST-163,Lumina Desk Lamp,Home,3,45,Europe
ORD-1033,2025-07-04,CUST-49,Nile-Buds Air,Electronics,1,199,North America
ORD-1034,2025-01-28,CUST-55,Lumina Desk Lamp,Home,4,45,Europe
ORD-1035,2025-06-30,CUST-153,Terra-Flask 1L,Home,4,35,Asia-Pacific
ORD-1036,2025-10-23,CUST-193,Lumina Desk Lamp,Home,4,45,Europe
ORD-1037,2025-04-15,CUST-191,Terra-Flask 1L,Home,3,35,Latin America
ORD-1038,2025-12-26,CUST-172,Lumina Desk Lamp,Home,3,45,Asia-Pacific
ORD-1039,2025-05-20,CUST-124,Nile-Pad Pro,Electronics,4,799,Asia-Pacific
ORD-1040,2025-10-09,CUST-139,Eco-Tee Organic,Apparel,4,25,Europe
ORD-1041,2025-08-07,CUST-91,Lumina Desk Lamp,Home,2,45,Latin America
ORD-1042,2025-04-20,CUST-161,Eco-Tee Organic,Apparel,2,25,Latin America
ORD-1043,2025-06-22,CUST-179,Lumina Desk Lamp,Home,2,45,Latin America
ORD-1044,2025-04-20,CUST-191,Lumina Desk Lamp,Home,1,45,Europe
ORD-1045,2025-12-12,CUST-25,Cloud-Walker Shoes,Apparel,4,120,Asia-Pacific
ORD-1046,2025-06-02,CUST-8,Nile-Pad Pro,Electronics,4,799,Europe
ORD-1047,2025-02-09,CUST-63,Terra-Flask 1L,Home,2,35,Europe
ORD-1048,2025-02-11,CUST-167,Eco-Tee Organic,Apparel,3,25,Latin America
ORD-1049,2025-03-10,CUST-164,Cloud-Walker Shoes,Apparel,1,120,North America
ORD-1050,2025-09-13,CUST-157,Smart-Watch X,Electronics,1,299,North America
ORD-1051,2025-06-08,CUST-189,Smart-Watch X,Electronics,1,299,Asia-Pacific
ORD-1052,2025-03-27,CUST-178,Cloud-Walker Shoes,Apparel,1,120,Latin America
ORD-1053,2025-08-09,CUST-166,Lumina Desk Lamp,Home,3,45,Asia-Pacific
ORD-1054,2025-12-25,CUST-61,Smart-Watch X,Electronics,4,299,Europe
ORD-1055,2025-06-12,CUST-158,Cloud-Walker Shoes,Apparel,4,120,North America
ORD-1056,2025-09-05,CUST-162,Cloud-Walker Shoes,Apparel,2,120,Asia-Pacific
ORD-1057,2025-08-04,CUST-65,Nile-Buds Air,Electronics,3,199,Europe
ORD-1058,2025-06-13,CUST-68,Smart-Watch X,Electronics,4,299,Asia-Pacific
ORD-1059,2025-07-07,CUST-98,Nile-Pad Pro,Electronics,3,799,North America
ORD-1060,2025-12-14,CUST-194,Smart-Watch X,Electronics,4,299,Europe
ORD-1061,2025-11-13,CUST-143,Lumina Desk Lamp,Home,4,45,North America
ORD-1062,2025-11-16,CUST-32,Lumina Desk Lamp,Home,4,45,Europe
ORD-1063,2025-04-04,CUST-6,Lumina Desk Lamp,Home,4,45,Europe
ORD-1064,2025-02-14,CUST-38,Cloud-Walker Shoes,Apparel,2,120,Latin America
ORD-1065,2025-07-05,CUST-189,Smart-Watch X,Electronics,1,299,Europe
ORD-1066,2025-05-30,CUST-187,Lumina Desk Lamp,Home,2,45,Latin America
ORD-1067,2025-12-24,CUST-50,Lumina Desk Lamp,Home,1,45,Latin America
ORD-1068,2025-10-11,CUST-179,Nile-Pad Pro,Electronics,4,799,Europe
ORD-1069,2025-01-22,CUST-187,Terra-Flask 1L,Home,3,35,Latin America
ORD-1070,2025-06-12,CUST-157,Nile-Buds Air,Electronics,4,199,Europe
ORD-1071,2025-08-04,CUST-182,Smart-Watch X,Electronics,3,299,North America
ORD-1072,2025-11-30,CUST-67,Terra-Flask 1L,Home,2,35,North America
ORD-1073,2025-04-15,CUST-96,Cloud-Walker Shoes,Apparel,1,120,Latin America
ORD-1074,2025-03-05,CUST-23,Eco-Tee Organic,Apparel,2,25,Latin America
ORD-1075,2025-07-17,CUST-96,Terra-Flask 1L,Home,2,35,North America
ORD-1076,2025-12-24,CUST-167,Eco-Tee Organic,Apparel,3,25,Latin America
ORD-1077,2025-03-30,CUST-145,Terra-Flask 1L,Home,4,35,Europe
ORD-1078,2025-12-17,CUST-82,Cloud-Walker Shoes,Apparel,3,120,North America
ORD-1079,2025-10-21,CUST-174,Eco-Tee Organic,Apparel,2,25,Asia-Pacific
ORD-1080,2025-02-06,CUST-63,Eco-Tee Organic,Apparel,4,25,North America
ORD-1081,2025-10-03,CUST-183,Cloud-Walker Shoes,Apparel,1,120,North America
ORD-1082,2025-07-29,CUST-174,Lumina Desk Lamp,Home,2,45,North America
ORD-1083,2025-09-24,CUST-138,Lumina Desk Lamp,Home,1,45,North America
ORD-1084,2025-07-20,CUST-131,Cloud-Walker Shoes,Apparel,2,120,Europe
ORD-1085,2025-09-24,CUST-102,Nile-Buds Air,Electronics,2,199,Asia-Pacific
ORD-1086,2025-10-19,CUST-98,Lumina Desk Lamp,Home,2,45,Latin America
ORD-1087,2025-09-18,CUST-129,Eco-Tee Organic,Apparel,4,25,Europe
ORD-1088,2025-10-19,CUST-109,Terra-Flask 1L,Home,4,35,Latin America
ORD-1089,2025-04-04,CUST-150,Lumina Desk Lamp,Home,1,45,Asia-Pacific
ORD-1090,2025-01-19,CUST-5,Smart-Watch X,Electronics,2,299,Latin America
ORD-1091,2025-01-07,CUST-111,Nile-Pad Pro,Electronics,2,799,Asia-Pacific
ORD-1092,2025-04-11,CUST-26,Eco-Tee Organic,Apparel,3,25,Asia-Pacific
ORD-1093,2025-03-04,CUST-197,Nile-Buds Air,Electronics,1,199,Latin America
ORD-1094,2025-01-20,CUST-84,Smart-Watch X,Electronics,1,299,North America
ORD-1095,2025-09-04,CUST-132,Eco-Tee Organic,Apparel,4,25,North America
ORD-1096,2025-03-03,CUST-5,Lumina Desk Lamp,Home,4,45,Latin America
ORD-1097,2025-07-03,CUST-62,Cloud-Walker Shoes,Apparel,1,120,Europe
ORD-1098,2025-10-28,CUST-151,Lumina Desk Lamp,Home,3,45,North America
ORD-1099,2025-12-09,CUST-84,Terra-Flask 1L,Home,4,35,Europe
ORD-1100,2025-12-27,CUST-37,Nile-Pad Pro,Electronics,1,799,North America
ORD-1101,2025-02-19,CUST-17,Cloud-Walker Shoes,Apparel,3,120,Asia-Pacific
ORD-1102,2025-03-27,CUST-190,Eco-Tee Organic,Apparel,1,25,Asia-Pacific
ORD-1103,2025-09-22,CUST-162,Cloud-Walker Shoes,Apparel,2,120,North America
ORD-1104,2025-06-30,CUST-76,Nile-Pad Pro,Electronics,3,799,Asia-Pacific
ORD-1105,2025-05-05,CUST-150,Eco-Tee Organic,Apparel,4,25,Asia-Pacific
ORD-1106,2025-08-25,CUST-146,Nile-Pad Pro,Electronics,3,799,North America
ORD-1107,2025-03-16,CUST-130,Smart-Watch X,Electronics,4,299,Latin America
ORD-1108,2025-01-08,CUST-90,Smart-Watch X,Electronics,2,299,Europe
ORD-1109,2025-04-13,CUST-195,Lumina Desk Lamp,Home,1,45,North America
ORD-1110,2025-05-24,CUST-18,Terra-Flask 1L,Home,3,35,Latin America
ORD-1111,2025-12-09,CUST-22,Cloud-Walker Shoes,Apparel,1,120,Asia-Pacific
ORD-1112,2025-12-01,CUST-152,Cloud-Walker Shoes,Apparel,3,120,Latin America
ORD-1113,2025-01-03,CUST-68,Lumina Desk Lamp,Home,2,45,Europe
ORD-1114,2025-03-13,CUST-85,Smart-Watch X,Electronics,3,299,Europe
ORD-1115,2025-08-16,CUST-195,Eco-Tee Organic,Apparel,4,25,Latin America
ORD-1116,2025-05-04,CUST-156,Smart-Watch X,Electronics,4,299,Latin America
ORD-1117,2025-05-11,CUST-98,Lumina Desk Lamp,Home,2,45,Asia-Pacific
ORD-1118,2025-04-27,CUST-116,Nile-Buds Air,Electronics,2,199,North America
ORD-1119,2025-01-20,CUST-97,Eco-Tee Organic,Apparel,1,25,North America
ORD-1120,2025-03-17,CUST-30,Lumina Desk Lamp,Home,3,45,Europe
ORD-1121,2025-05-13,CUST-67,Terra-Flask 1L,Home,4,35,Latin America
ORD-1122,2025-06-25,CUST-73,Cloud-Walker Shoes,Apparel,2,120,Europe
ORD-1123,2025-10-15,CUST-22,Eco-Tee Organic,Apparel,4,25,Latin America
ORD-1124,2025-08-15,CUST-170,Cloud-Walker Shoes,Apparel,1,120,Europe
ORD-1125,2025-12-06,CUST-6,Nile-Buds Air,Electronics,1,199,Asia-Pacific
ORD-1126,2025-05-25,CUST-115,Cloud-Walker Shoes,Apparel,2,120,North America
ORD-1127,2025-01-13,CUST-31,Smart-Watch X,Electronics,4,299,Asia-Pacific
ORD-1128,2025-01-16,CUST-141,Nile-Pad Pro,Electronics,1,799,Latin America
ORD-1129,2025-08-25,CUST-69,Smart-Watch X,Electronics,1,299,Asia-Pacific
ORD-1130,2025-06-16,CUST-131,Nile-Buds Air,Electronics,1,199,Asia-Pacific
ORD-1131,2025-10-20,CUST-91,Cloud-Walker Shoes,Apparel,3,120,North America
ORD-1132,2025-09-08,CUST-43,Cloud-Walker Shoes,Apparel,2,120,Latin America
ORD-1133,2025-03-08,CUST-33,Nile-Pad Pro,Electronics,1,799,Latin America
ORD-1134,2025-08-28,CUST-88,Nile-Buds Air,Electronics,4,199,Europe
ORD-1135,2025-12-15,CUST-119,Nile-Buds Air,Electronics,2,199,Latin America
ORD-1136,2025-12-21,CUST-103,Nile-Pad Pro,Electronics,2,799,Asia-Pacific
ORD-1137,2025-02-25,CUST-139,Nile-Buds Air,Electronics,2,199,Europe
ORD-1138,2025-01-07,CUST-166,Nile-Buds Air,Electronics,2,199,Europe
ORD-1139,2025-10-22,CUST-75,Nile-Pad Pro,Electronics,1,799,North America
ORD-1140,2025-06-24,CUST-35,Terra-Flask 1L,Home,4,35,Asia-Pacific
ORD-1141,2025-05-29,CUST-5,Nile-Pad Pro,Electronics,1,799,Asia-Pacific
ORD-1142,2025-02-16,CUST-123,Cloud-Walker Shoes,Apparel,3,120,Europe
ORD-1143,2025-07-29,CUST-152,Nile-Buds Air,Electronics,2,199,North America
ORD-1144,2025-05-03,CUST-61,Nile-Pad Pro,Electronics,1,799,Latin America
ORD-1145,2025-04-13,CUST-102,Nile-Pad Pro,Electronics,3,799,Europe
ORD-1146,2025-09-12,CUST-50,Smart-Watch X,Electronics,3,299,Asia-Pacific
ORD-1147,2025-04-05,CUST-76,Nile-Buds Air,Electronics,3,199,Europe
ORD-1148,2025-04-04,CUST-23,Cloud-Walker Shoes,Apparel,3,120,Europe
ORD-1149,2025-07-11,CUST-101,Cloud-Walker Shoes,Apparel,3,120,Europe
ORD-1150,2025-02-10,CUST-21,Smart-Watch X,Electronics,2,299,Asia-Pacific
ORD-1151,2025-07-22,CUST-83,Eco-Tee Organic,Apparel,4,25,Asia-Pacific
ORD-1152,2025-01-06,CUST-167,Nile-Buds Air,Electronics,1,199,Asia-Pacific
ORD-1153,2025-04-02,CUST-28,Nile-Pad Pro,Electronics,1,799,Europe
ORD-1154,2025-02-04,CUST-12,Nile-Pad Pro,Electronics,1,799,Europe
ORD-1155,2025-02-11,CUST-137,Smart-Watch X,Electronics,3,299,Europe
ORD-1156,2025-04-07,CUST-103,Nile-Buds Air,Electronics,4,199,Europe
ORD-1157,2025-06-15,CUST-150,Terra-Flask 1L,Home,3,35,North America
ORD-1158,2025-01-10,CUST-173,Nile-Pad Pro,Electronics,2,799,Latin America
ORD-1159,2025-10-05,CUST-30,Terra-Flask 1L,Home,2,35,Latin America
ORD-1160,2025-07-25,CUST-57,Lumina Desk Lamp,Home,2,45,Europe
ORD-1161,2025-01-30,CUST-89,Lumina Desk Lamp,Home,4,45,Latin America
ORD-1162,2025-02-27,CUST-58,Terra-Flask 1L,Home,2,35,Europe
ORD-1163,2025-10-08,CUST-151,Lumina Desk Lamp,Home,3,45,Europe
ORD-1164,2025-05-26,CUST-119,Nile-Pad Pro,Electronics,3,799,Latin America
ORD-1165,2025-01-06,CUST-8,Nile-Buds Air,Electronics,3,199,Asia-Pacific
ORD-1166,2025-09-11,CUST-190,Cloud-Walker Shoes,Apparel,2,120,North America
ORD-1167,2025-02-22,CUST-149,Eco-Tee Organic,Apparel,4,25,North America
ORD-1168,2025-02-27,CUST-101,Nile-Pad Pro,Electronics,2,799,Asia-Pacific
ORD-1169,2025-03-23,CUST-53,Nile-Pad Pro,Electronics,3,799,Latin America
ORD-1170,2025-12-05,CUST-150,Nile-Buds Air,Electronics,1,199,Latin America
ORD-1171,2025-11-11,CUST-16,Eco-Tee Organic,Apparel,2,25,Europe
ORD-1172,2025-06-26,CUST-148,Lumina Desk Lamp,Home,1,45,Latin America
ORD-1173,2025-08-19,CUST-182,Lumina Desk Lamp,Home,3,45,Europe
ORD-1174,2025-07-14,CUST-135,Eco-Tee Organic,Apparel,4,25,Asia-Pacific
ORD-1175,2025-04-24,CUST-22,Eco-Tee Organic,Apparel,1,25,Asia-Pacific
ORD-1176,2025-11-05,CUST-1,Nile-Pad Pro,Electronics,1,799,Asia-Pacific
ORD-1177,2025-10-26,CUST-111,Eco-Tee Organic,Apparel,3,25,Asia-Pacific
ORD-1178,2025-08-21,CUST-116,Terra-Flask 1L,Home,3,35,Europe
ORD-1179,2025-03-26,CUST-52,Terra-Flask 1L,Home,4,35,Europe
ORD-1180,2025-08-31,CUST-57,Eco-Tee Organic,Apparel,2,25,Asia-Pacific
ORD-1181,2025-12-22,CUST-173,Eco-Tee Organic,Apparel,2,25,North America
ORD-1182,2025-06-22,CUST-53,Terra-Flask 1L,Home,1,35,North America
ORD-1183,2025-08-20,CUST-181,Smart-Watch X,Electronics,1,299,North America
ORD-1184,2025-03-03,CUST-51,Cloud-Walker Shoes,Apparel,2,120,Europe
ORD-1185,2025-11-27,CUST-101,Cloud-Walker Shoes,Apparel,1,120,Europe
ORD-1186,2025-08-05,CUST-25,Cloud-Walker Shoes,Apparel,4,120,Europe
ORD-1187,2025-09-03,CUST-65,Nile-Buds Air,Electronics,1,199,Europe
ORD-1188,2025-07-04,CUST-13,Lumina Desk Lamp,Home,4,45,North America
ORD-1189,2025-09-02,CUST-89,Nile-Buds Air,Electronics,4,199,Europe
ORD-1190,2025-06-16,CUST-149,Eco-Tee Organic,Apparel,2,25,Latin America
ORD-1191,2025-01-08,CUST-182,Eco-Tee Organic,Apparel,2,25,North America
ORD-1192,2025-08-21,CUST-189,Smart-Watch X,Electronics,4,299,Europe
ORD-1193,2025-07-12,CUST-7,Terra-Flask 1L,Home,3,35,North America
ORD-1194,2025-06-03,CUST-147,Nile-Pad Pro,Electronics,2,799,Asia-Pacific
ORD-1195,2025-03-14,CUST-166,Terra-Flask 1L,Home,3,35,North America
ORD-1196,2025-01-07,CUST-36,Nile-Buds Air,Electronics,2,199,Europe
ORD-1197,2025-01-31,CUST-91,Eco-Tee Organic,Apparel,1,25,North America
ORD-1198,2025-11-01,CUST-118,Terra-Flask 1L,Home,4,35,Latin America
ORD-1199,2025-07-16,CUST-138,Cloud-Walker Shoes,Apparel,3,120,Europe
ORD-1200,2025-07-26,CUST-134,Smart-Watch X,Electronics,3,299,Asia-Pacific
ORD-1201,2025-11-30,CUST-63,Smart-Watch X,Electronics,4,299,Europe
ORD-1202,2025-10-24,CUST-177,Smart-Watch X,Electronics,1,299,Latin America
ORD-1203,2025-10-15,CUST-105,Cloud-Walker Shoes,Apparel,1,120,Europe
ORD-1204,2025-10-11,CUST-39,Lumina Desk Lamp,Home,1,45,Europe
ORD-1205,2025-05-24,CUST-176,Nile-Buds Air,Electronics,4,199,North America
ORD-1206,2025-10-20,CUST-68,Terra-Flask 1L,Home,1,35,Asia-Pacific
ORD-1207,2025-02-08,CUST-128,Terra-Flask 1L,Home,1,35,North America
ORD-1208,2025-05-25,CUST-119,Smart-Watch X,Electronics,3,299,Asia-Pacific
ORD-1209,2025-09-17,CUST-92,Nile-Pad Pro,Electronics,3,799,Europe
ORD-1210,2025-10-22,CUST-158,Nile-Buds Air,Electronics,1,199,Europe
ORD-1211,2025-11-14,CUST-96,Cloud-Walker Shoes,Apparel,1,120,Asia-Pacific
ORD-1212,2025-01-31,CUST-13,Nile-Buds Air,Electronics,3,199,Europe
ORD-1213,2025-07-07,CUST-32,Nile-Buds Air,Electronics,3,199,Asia-Pacific
ORD-1214,2025-04-05,CUST-44,Nile-Buds Air,Electronics,3,199,Latin America
ORD-1215,2025-04-20,CUST-19,Lumina Desk Lamp,Home,2,45,North America
ORD-1216,2025-05-31,CUST-111,Terra-Flask 1L,Home,1,35,North America
ORD-1217,2025-08-14,CUST-28,Cloud-Walker Shoes,Apparel,1,120,Asia-Pacific
ORD-1218,2025-08-21,CUST-51,Lumina Desk Lamp,Home,3,45,Latin America
ORD-1219,2025-08-18,CUST-103,Terra-Flask 1L,Home,4,35,North America
ORD-1220,2025-03-07,CUST-19,Terra-Flask 1L,Home,3,35,Latin America
ORD-1221,2025-05-12,CUST-105,Terra-Flask 1L,Home,2,35,Asia-Pacific
ORD-1222,2025-02-28,CUST-21,Smart-Watch X,Electronics,4,299,Latin America
ORD-1223,2025-10-31,CUST-176,Smart-Watch X,Electronics,2,299,North America
ORD-1224,2025-04-09,CUST-45,Nile-Pad Pro,Electronics,3,799,Latin America
ORD-1225,2025-10-14,CUST-102,Eco-Tee Organic,Apparel,1,25,Latin America
ORD-1226,2025-01-03,CUST-155,Lumina Desk Lamp,Home,3,45,Europe
ORD-1227,2025-02-12,CUST-5,Lumina Desk Lamp,Home,3,45,Europe
ORD-1228,2025-04-27,CUST-97,Smart-Watch X,Electronics,3,299,North America
ORD-1229,2025-10-05,CUST-82,Cloud-Walker Shoes,Apparel,3,120,Asia-Pacific
ORD-1230,2025-08-03,CUST-28,Cloud-Walker Shoes,Apparel,3,120,Latin America
ORD-1231,2025-02-10,CUST-121,Eco-Tee Organic,Apparel,2,25,North America
ORD-1232,2025-08-12,CUST-71,Nile-Buds Air,Electronics,3,199,Europe
ORD-1233,2025-11-21,CUST-185,Nile-Pad Pro,Electronics,4,799,Latin America
ORD-1234,2025-09-21,CUST-167,Lumina Desk Lamp,Home,3,45,Europe
ORD-1235,2025-08-24,CUST-112,Cloud-Walker Shoes,Apparel,2,120,Europe
ORD-1236,2025-04-14,CUST-65,Cloud-Walker Shoes,Apparel,2,120,North America
ORD-1237,2025-04-11,CUST-83,Nile-Buds Air,Electronics,3,199,Asia-Pacific
ORD-1238,2025-02-15,CUST-178,Nile-Buds Air,Electronics,2,199,Asia-Pacific
ORD-1239,2025-11-12,CUST-14,Eco-Tee Organic,Apparel,3,25,Asia-Pacific
ORD-1240,2025-12-05,CUST-125,Smart-Watch X,Electronics,3,299,Asia-Pacific
ORD-1241,2025-11-15,CUST-168,Eco-Tee Organic,Apparel,2,25,Europe
ORD-1242,2025-12-05,CUST-106,Nile-Buds Air,Electronics,1,199,North America
ORD-1243,2025-05-14,CUST-31,Terra-Flask 1L,Home,2,35,North America
ORD-1244,2025-05-11,CUST-87,Nile-Pad Pro,Electronics,2,799,North America
ORD-1245,2025-06-16,CUST-82,Lumina Desk Lamp,Home,2,45,Asia-Pacific
ORD-1246,2025-07-27,CUST-175,Nile-Pad Pro,Electronics,1,799,Latin America
ORD-1247,2025-04-09,CUST-114,Eco-Tee Organic,Apparel,3,25,Latin America
ORD-1248,2025-05-18,CUST-135,Smart-Watch X,Electronics,3,299,North America
ORD-1249,2025-11-01,CUST-168,Terra-Flask 1L,Home,1,35,Latin America
ORD-1250,2025-01-18,CUST-72,Eco-Tee Organic,Apparel,3,25,Latin America
ORD-1251,2025-04-20,CUST-88,Nile-Pad Pro,Electronics,1,799,Europe
ORD-1252,2025-07-08,CUST-132,Nile-Pad Pro,Electronics,2,799,North America
ORD-1253,2025-06-19,CUST-195,Eco-Tee Organic,Apparel,2,25,Latin America
ORD-1254,2025-09-01,CUST-3,Nile-Pad Pro,Electronics,2,799,Europe
ORD-1255,2025-09-09,CUST-174,Nile-Pad Pro,Electronics,2,799,North America
ORD-1256,2025-02-05,CUST-89,Nile-Pad Pro,Electronics,4,799,Asia-Pacific
ORD-1257,2025-03-24,CUST-1,Cloud-Walker Shoes,Apparel,3,120,Asia-Pacific
ORD-1258,2025-06-22,CUST-106,Nile-Buds Air,Electronics,2,199,Asia-Pacific
ORD-1259,2025-06-13,CUST-178,Nile-Buds Air,Electronics,1,199,North America
ORD-1260,2025-06-18,CUST-45,Smart-Watch X,Electronics,2,299,Europe
ORD-1261,2025-04-18,CUST-93,Terra-Flask 1L,Home,4,35,Latin America
ORD-1262,2025-07-08,CUST-90,Nile-Pad Pro,Electronics,1,799,Latin America
ORD-1263,2025-02-10,CUST-63,Terra-Flask 1L,Home,3,35,Europe
ORD-1264,2025-11-06,CUST-197,Cloud-Walker Shoes,Apparel,1,120,Latin America
ORD-1265,2025-10-13,CUST-131,Terra-Flask 1L,Home,1,35,North America
ORD-1266,2025-08-23,CUST-118,Eco-Tee Organic,Apparel,3,25,Europe
ORD-1267,2025-11-02,CUST-146,Lumina Desk Lamp,Home,4,45,Latin America
ORD-1268,2025-12-01,CUST-94,Eco-Tee Organic,Apparel,2,25,Asia-Pacific
ORD-1269,2025-11-14,CUST-171,Smart-Watch X,Electronics,3,299,Asia-Pacific
ORD-1270,2025-05-18,CUST-10,Eco-Tee Organic,Apparel,4,25,Asia-Pacific
ORD-1271,2025-02-11,CUST-6,Cloud-Walker Shoes,Apparel,1,120,Asia-Pacific
ORD-1272,2025-03-28,CUST-48,Eco-Tee Organic,Apparel,2,25,Europe
ORD-1273,2025-05-16,CUST-40,Smart-Watch X,Electronics,1,299,Latin America
ORD-1274,2025-03-28,CUST-9,Eco-Tee Organic,Apparel,1,25,Latin America
ORD-1275,2025-12-29,CUST-197,Cloud-Walker Shoes,Apparel,4,120,Europe
ORD-1276,2025-09-18,CUST-192,Cloud-Walker Shoes,Apparel,4,120,Latin America
ORD-1277,2025-03-29,CUST-34,Nile-Buds Air,Electronics,4,199,North America
ORD-1278,2025-10-28,CUST-157,Lumina Desk Lamp,Home,4,45,Asia-Pacific
ORD-1279,2025-02-24,CUST-21,Lumina Desk Lamp,Home,4,45,Asia-Pacific
ORD-1280,2025-05-16,CUST-114,Cloud-Walker Shoes,Apparel,3,120,North America
ORD-1281,2025-05-17,CUST-78,Eco-Tee Organic,Apparel,2,25,Asia-Pacific
ORD-1282,2025-01-14,CUST-171,Lumina Desk Lamp,Home,3,45,Asia-Pacific
ORD-1283,2025-08-23,CUST-29,Nile-Buds Air,Electronics,4,199,North America
ORD-1284,2025-03-07,CUST-114,Lumina Desk Lamp,Home,3,45,Europe
ORD-1285,2025-09-16,CUST-152,Cloud-Walker Shoes,Apparel,1,120,Asia-Pacific
ORD-1286,2025-03-07,CUST-52,Nile-Buds Air,Electronics,2,199,Latin America
ORD-1287,2025-01-03,CUST-178,Nile-Buds Air,Electronics,4,199,Latin America
ORD-1288,2025-10-01,CUST-106,Nile-Buds Air,Electronics,4,199,Europe
ORD-1289,2025-12-15,CUST-173,Lumina Desk Lamp,Home,3,45,North America
ORD-1290,2025-01-14,CUST-159,Nile-Pad Pro,Electronics,4,799,Europe
ORD-1291,2025-06-02,CUST-10,Nile-Buds Air,Electronics,1,199,Latin America
ORD-1292,2025-11-25,CUST-186,Nile-Buds Air,Electronics,3,199,North America
ORD-1293,2025-05-03,CUST-30,Terra-Flask 1L,Home,3,35,Asia-Pacific
ORD-1294,2025-07-15,CUST-165,Nile-Buds Air,Electronics,2,199,Asia-Pacific
ORD-1295,2025-06-09,CUST-46,Lumina Desk Lamp,Home,4,45,Europe
ORD-1296,2025-06-11,CUST-173,Cloud-Walker Shoes,Apparel,1,120,Latin America
ORD-1297,2025-01-21,CUST-116,Nile-Buds Air,Electronics,3,199,North America
ORD-1298,2025-05-05,CUST-173,Lumina Desk Lamp,Home,1,45,North America
ORD-1299,2025-01-20,CUST-143,Eco-Tee Organic,Apparel,4,25,North America
ORD-1300,2025-03-22,CUST-32,Nile-Buds Air,Electronics,3,199,Europe
ORD-1301,2025-08-22,CUST-83,Eco-Tee Organic,Apparel,3,25,Latin America
ORD-1302,2025-12-29,CUST-61,Nile-Pad Pro,Electronics,4,799,Europe
ORD-1303,2025-05-08,CUST-163,Smart-Watch X,Electronics,4,299,Asia-Pacific
ORD-1304,2025-12-25,CUST-109,Terra-Flask 1L,Home,1,35,Europe
ORD-1305,2025-02-25,CUST-38,Nile-Buds Air,Electronics,3,199,North America
ORD-1306,2025-07-04,CUST-107,Eco-Tee Organic,Apparel,2,25,North America
ORD-1307,2025-03-28,CUST-41,Nile-Buds Air,Electronics,3,199,North America
ORD-1308,2025-02-22,CUST-51,Lumina Desk Lamp,Home,2,45,Latin America
ORD-1309,2025-09-18,CUST-111,Cloud-Walker Shoes,Apparel,3,120,Latin America
ORD-1310,2025-03-04,CUST-110,Lumina Desk Lamp,Home,2,45,Asia-Pacific
ORD-1311,2025-08-05,CUST-13,Cloud-Walker Shoes,Apparel,1,120,Asia-Pacific
ORD-1312,2025-03-26,CUST-19,Terra-Flask 1L,Home,4,35,Latin America
ORD-1313,2025-05-16,CUST-126,Nile-Pad Pro,Electronics,2,799,Asia-Pacific
ORD-1314,2025-06-01,CUST-155,Eco-Tee Organic,Apparel,4,25,Latin America
ORD-1315,2025-11-10,CUST-196,Nile-Pad Pro,Electronics,3,799,Latin America
ORD-1316,2025-07-02,CUST-40,Nile-Pad Pro,Electronics,1,799,North America
ORD-1317,2025-09-24,CUST-113,Nile-Pad Pro,Electronics,4,799,Europe
ORD-1318,2025-06-29,CUST-100,Smart-Watch X,Electronics,2,299,Europe
ORD-1319,2025-01-11,CUST-99,Nile-Pad Pro,Electronics,1,799,Europe
ORD-1320,2025-04-09,CUST-74,Lumina Desk Lamp,Home,4,45,Latin America
ORD-1321,2025-05-01,CUST-105,Nile-Pad Pro,Electronics,1,799,Latin America
ORD-1322,2025-10-09,CUST-125,Nile-Buds Air,Electronics,1,199,Europe
ORD-1323,2025-08-19,CUST-98,Cloud-Walker Shoes,Apparel,2,120,Asia-Pacific
ORD-1324,2025-07-23,CUST-14,Eco-Tee Organic,Apparel,1,25,Latin America
ORD-1325,2025-05-18,CUST-147,Terra-Flask 1L,Home,1,35,North America
ORD-1326,2025-03-13,CUST-145,Lumina Desk Lamp,Home,3,45,Asia-Pacific
ORD-1327,2025-02-26,CUST-106,Smart-Watch X,Electronics,4,299,Asia-Pacific
ORD-1328,2025-03-11,CUST-87,Eco-Tee Organic,Apparel,2,25,Europe
ORD-1329,2025-08-06,CUST-46,Cloud-Walker Shoes,Apparel,3,120,Latin America
ORD-1330,2025-04-30,CUST-135,Smart-Watch X,Electronics,2,299,Asia-Pacific
ORD-1331,2025-03-18,CUST-11,Nile-Pad Pro,Electronics,1,799,Europe
ORD-1332,2025-12-28,CUST-88,Terra-Flask 1L,Home,1,35,Europe
ORD-1333,2025-11-07,CUST-104,Terra-Flask 1L,Home,2,35,Asia-Pacific
ORD-1334,2025-10-25,CUST-107,Nile-Buds Air,Electronics,3,199,Latin America
ORD-1335,2025-07-21,CUST-138,Nile-Pad Pro,Electronics,1,799,Europe
ORD-1336,2025-03-28,CUST-180,Terra-Flask 1L,Home,1,35,North America
ORD-1337,2025-07-17,CUST-30,Lumina Desk Lamp,Home,2,45,North America
ORD-1338,2025-08-04,CUST-64,Nile-Buds Air,Electronics,3,199,Latin America
ORD-1339,2025-08-31,CUST-73,Smart-Watch X,Electronics,4,299,Europe
ORD-1340,2025-06-23,CUST-17,Smart-Watch X,Electronics,3,299,Asia-Pacific
ORD-1341,2025-02-01,CUST-199,Lumina Desk Lamp,Home,4,45,Europe
ORD-1342,2025-11-09,CUST-172,Lumina Desk Lamp,Home,1,45,Europe
ORD-1343,2025-06-21,CUST-36,Nile-Pad Pro,Electronics,3,799,Latin America
ORD-1344,2025-10-15,CUST-64,Nile-Pad Pro,Electronics,3,799,Latin America
ORD-1345,2025-04-07,CUST-157,Smart-Watch X,Electronics,3,299,Latin America
ORD-1346,2025-12-29,CUST-78,Cloud-Walker Shoes,Apparel,2,120,Asia-Pacific
ORD-1347,2025-03-13,CUST-98,Terra-Flask 1L,Home,3,35,Asia-Pacific
ORD-1348,2025-04-20,CUST-73,Cloud-Walker Shoes,Apparel,4,120,Latin America
ORD-1349,2025-05-17,CUST-86,Smart-Watch X,Electronics,3,299,Europe
ORD-1350,2025-10-04,CUST-140,Cloud-Walker Shoes,Apparel,3,120,North America
ORD-1351,2025-12-20,CUST-144,Nile-Pad Pro,Electronics,1,799,North America
ORD-1352,2025-08-24,CUST-44,Nile-Pad Pro,Electronics,2,799,North America
ORD-1353,2025-10-31,CUST-11,Terra-Flask 1L,Home,3,35,Asia-Pacific
ORD-1354,2025-01-18,CUST-157,Cloud-Walker Shoes,Apparel,3,120,North America
ORD-1355,2025-03-21,CUST-153,Smart-Watch X,Electronics,1,299,Europe
ORD-1356,2025-02-16,CUST-112,Nile-Pad Pro,Electronics,1,799,Asia-Pacific
ORD-1357,2025-10-06,CUST-168,Cloud-Walker Shoes,Apparel,4,120,Latin America
ORD-1358,2025-10-22,CUST-135,Terra-Flask 1L,Home,3,35,Latin America
ORD-1359,2025-11-17,CUST-91,Terra-Flask 1L,Home,4,35,Europe
ORD-1360,2025-04-09,CUST-157,Nile-Buds Air,Electronics,2,199,Latin America
ORD-1361,2025-02-05,CUST-51,Cloud-Walker Shoes,Apparel,3,120,Europe
ORD-1362,2025-01-13,CUST-169,Lumina Desk Lamp,Home,3,45,North America
ORD-1363,2025-10-12,CUST-103,Smart-Watch X,Electronics,1,299,Asia-Pacific
ORD-1364,2025-01-20,CUST-196,Eco-Tee Organic,Apparel,4,25,North America
ORD-1365,2025-01-15,CUST-126,Nile-Pad Pro,Electronics,4,799,North America
ORD-1366,2025-01-07,CUST-22,Terra-Flask 1L,Home,3,35,Europe
ORD-1367,2025-06-26,CUST-4,Nile-Pad Pro,Electronics,2,799,Asia-Pacific
ORD-1368,2025-08-28,CUST-162,Cloud-Walker Shoes,Apparel,1,120,North America
ORD-1369,2025-10-25,CUST-169,Nile-Pad Pro,Electronics,1,799,North America
ORD-1370,2025-07-04,CUST-35,Eco-Tee Organic,Apparel,1,25,Latin America
ORD-1371,2025-04-25,CUST-7,Lumina Desk Lamp,Home,3,45,Latin America
ORD-1372,2025-09-13,CUST-91,Nile-Buds Air,Electronics,2,199,Europe
ORD-1373,2025-04-08,CUST-33,Nile-Buds Air,Electronics,4,199,Latin America
ORD-1374,2025-01-11,CUST-9,Lumina Desk Lamp,Home,1,45,Latin America
ORD-1375,2025-05-09,CUST-119,Eco-Tee Organic,Apparel,3,25,Europe
ORD-1376,2025-02-15,CUST-50,Nile-Pad Pro,Electronics,1,799,Latin America
ORD-1377,2025-12-15,CUST-6,Nile-Pad Pro,Electronics,1,799,North America
ORD-1378,2025-07-15,CUST-59,Eco-Tee Organic,Apparel,4,25,Asia-Pacific
ORD-1379,2025-04-23,CUST-188,Nile-Pad Pro,Electronics,4,799,Asia-Pacific
ORD-1380,2025-07-20,CUST-198,Nile-Pad Pro,Electronics,2,799,Europe
ORD-1381,2025-03-30,CUST-170,Eco-Tee Organic,Apparel,2,25,Latin America
ORD-1382,2025-04-13,CUST-196,Smart-Watch X,Electronics,1,299,Europe
ORD-1383,2025-08-21,CUST-28,Smart-Watch X,Electronics,4,299,Europe
ORD-1384,2025-08-24,CUST-163,Lumina Desk Lamp,Home,2,45,Latin America
ORD-1385,2025-12-27,CUST-50,Nile-Pad Pro,Electronics,2,799,Europe
ORD-1386,2025-01-05,CUST-26,Terra-Flask 1L,Home,2,35,North America
ORD-1387,2025-09-17,CUST-174,Cloud-Walker Shoes,Apparel,4,120,North America
ORD-1388,2025-09-07,CUST-26,Eco-Tee Organic,Apparel,3,25,Europe
ORD-1389,2025-07-10,CUST-155,Terra-Flask 1L,Home,4,35,Europe
ORD-1390,2025-02-14,CUST-35,Lumina Desk Lamp,Home,1,45,North America
ORD-1391,2025-10-20,CUST-50,Terra-Flask 1L,Home,3,35,North America
ORD-1392,2025-04-03,CUST-188,Eco-Tee Organic,Apparel,1,25,Asia-Pacific
ORD-1393,2025-10-13,CUST-138,Nile-Pad Pro,Electronics,2,799,Asia-Pacific
ORD-1394,2025-03-15,CUST-86,Nile-Pad Pro,Electronics,1,799,Asia-Pacific
ORD-1395,2025-03-11,CUST-127,Terra-Flask 1L,Home,1,35,North America
ORD-1396,2025-12-02,CUST-129,Nile-Buds Air,Electronics,1,199,Asia-Pacific
ORD-1397,2025-03-05,CUST-143,Lumina Desk Lamp,Home,4,45,North America
ORD-1398,2025-01-02,CUST-199,Terra-Flask 1L,Home,1,35,North America
ORD-1399,2025-03-27,CUST-177,Nile-Pad Pro,Electronics,4,799,Asia-Pacific
ORD-1400,2025-02-06,CUST-199,Nile-Pad Pro,Electronics,4,799,North America
ORD-1401,2025-08-01,CUST-102,Smart-Watch X,Electronics,2,299,Latin America
ORD-1402,2025-05-21,CUST-182,Cloud-Walker Shoes,Apparel,3,120,North America
ORD-1403,2025-12-24,CUST-107,Nile-Pad Pro,Electronics,2,799,Europe
ORD-1404,2025-01-14,CUST-87,Smart-Watch X,Electronics,3,299,Asia-Pacific
ORD-1405,2025-11-22,CUST-31,Smart-Watch X,Electronics,3,299,North America
ORD-1406,2025-02-11,CUST-182,Cloud-Walker Shoes,Apparel,2,120,North America
ORD-1407,2025-05-09,CUST-58,Terra-Flask 1L,Home,3,35,North America
ORD-1408,2025-12-29,CUST-42,Eco-Tee Organic,Apparel,4,25,North America
ORD-1409,2025-06-15,CUST-110,Nile-Buds Air,Electronics,2,199,Europe
ORD-1410,2025-06-27,CUST-113,Nile-Pad Pro,Electronics,4,799,Latin America
ORD-1411,2025-03-10,CUST-23,Nile-Pad Pro,Electronics,1,799,Europe
ORD-1412,2025-02-04,CUST-134,Smart-Watch X,Electronics,4,299,Europe
ORD-1413,2025-06-23,CUST-50,Nile-Buds Air,Electronics,4,199,Latin America
ORD-1414,2025-03-05,CUST-110,Nile-Buds Air,Electronics,4,199,Latin America
ORD-1415,2025-05-08,CUST-73,Nile-Pad Pro,Electronics,3,799,Latin America
ORD-1416,2025-08-25,CUST-124,Cloud-Walker Shoes,Apparel,1,120,Asia-Pacific
ORD-1417,2025-10-26,CUST-81,Cloud-Walker Shoes,Apparel,2,120,Europe
ORD-1418,2025-10-30,CUST-198,Lumina Desk Lamp,Home,1,45,Asia-Pacific
ORD-1419,2025-10-28,CUST-45,Nile-Pad Pro,Electronics,4,799,Europe
ORD-1420,2025-10-20,CUST-116,Smart-Watch X,Electronics,4,299,Latin America
ORD-1421,2025-07-07,CUST-161,Lumina Desk Lamp,Home,3,45,North America
ORD-1422,2025-06-07,CUST-103,Cloud-Walker Shoes,Apparel,2,120,Latin America
ORD-1423,2025-08-09,CUST-121,Lumina Desk Lamp,Home,3,45,Europe
ORD-1424,2025-09-03,CUST-18,Lumina Desk Lamp,Home,4,45,Latin America
ORD-1425,2025-02-09,CUST-102,Smart-Watch X,Electronics,2,299,Latin America
ORD-1426,2025-11-24,CUST-169,Nile-Pad Pro,Electronics,1,799,Asia-Pacific
ORD-1427,2025-01-20,CUST-42,Terra-Flask 1L,Home,2,35,Latin America
ORD-1428,2025-02-20,CUST-81,Lumina Desk Lamp,Home,3,45,Latin America
ORD-1429,2025-07-13,CUST-107,Lumina Desk Lamp,Home,1,45,Latin America
ORD-1430,2025-08-06,CUST-150,Smart-Watch X,Electronics,2,299,North America
ORD-1431,2025-03-18,CUST-72,Cloud-Walker Shoes,Apparel,1,120,Asia-Pacific
ORD-1432,2025-01-02,CUST-110,Eco-Tee Organic,Apparel,2,25,Europe
ORD-1433,2025-07-07,CUST-114,Cloud-Walker Shoes,Apparel,1,120,North America
ORD-1434,2025-11-20,CUST-60,Nile-Pad Pro,Electronics,2,799,Latin America
ORD-1435,2025-09-12,CUST-101,Cloud-Walker Shoes,Apparel,4,120,North America
ORD-1436,2025-04-05,CUST-169,Lumina Desk Lamp,Home,2,45,Europe
ORD-1437,2025-09-01,CUST-125,Nile-Buds Air,Electronics,3,199,Asia-Pacific
ORD-1438,2025-11-21,CUST-168,Terra-Flask 1L,Home,2,35,Europe
ORD-1439,2025-02-02,CUST-129,Cloud-Walker Shoes,Apparel,1,120,Europe
ORD-1440,2025-05-04,CUST-55,Terra-Flask 1L,Home,4,35,Europe
ORD-1441,2025-04-06,CUST-81,Lumina Desk Lamp,Home,4,45,Latin America
ORD-1442,2025-09-06,CUST-62,Eco-Tee Organic,Apparel,2,25,Latin America
ORD-1443,2025-01-12,CUST-22,Eco-Tee Organic,Apparel,3,25,Latin America
ORD-1444,2025-08-17,CUST-165,Lumina Desk Lamp,Home,1,45,North America
ORD-1445,2025-05-07,CUST-119,Lumina Desk Lamp,Home,4,45,Latin America
ORD-1446,2025-03-11,CUST-100,Nile-Pad Pro,Electronics,2,799,Asia-Pacific
ORD-1447,2025-03-29,CUST-150,Cloud-Walker Shoes,Apparel,4,120,Europe
ORD-1448,2025-10-03,CUST-135,Lumina Desk Lamp,Home,1,45,Asia-Pacific
ORD-1449,2025-09-08,CUST-49,Terra-Flask 1L,Home,3,35,Asia-Pacific
ORD-1450,2025-06-17,CUST-123,Lumina Desk Lamp,Home,3,45,Latin America
ORD-1451,2025-05-25,CUST-25,Cloud-Walker Shoes,Apparel,1,120,North America
ORD-1452,2025-10-23,CUST-6,Lumina Desk Lamp,Home,3,45,Latin America
ORD-1453,2025-08-23,CUST-111,Lumina Desk Lamp,Home,3,45,North America
ORD-1454,2025-10-22,CUST-189,Nile-Pad Pro,Electronics,3,799,Europe
ORD-1455,2025-02-15,CUST-17,Nile-Buds Air,Electronics,2,199,Latin America
ORD-1456,2025-07-21,CUST-48,Lumina Desk Lamp,Home,4,45,Asia-Pacific
ORD-1457,2025-10-02,CUST-183,Lumina Desk Lamp,Home,1,45,North America
ORD-1458,2025-10-21,CUST-61,Terra-Flask 1L,Home,4,35,Latin America
ORD-1459,2025-03-20,CUST-40,Smart-Watch X,Electronics,2,299,North America
ORD-1460,2025-09-17,CUST-11,Smart-Watch X,Electronics,3,299,Latin America
ORD-1461,2025-12-04,CUST-181,Smart-Watch X,Electronics,2,299,Europe
ORD-1462,2025-03-08,CUST-118,Smart-Watch X,Electronics,3,299,Europe
ORD-1463,2025-10-14,CUST-14,Cloud-Walker Shoes,Apparel,2,120,Asia-Pacific
ORD-1464,2025-01-26,CUST-62,Nile-Buds Air,Electronics,4,199,Asia-Pacific
ORD-1465,2025-05-15,CUST-32,Lumina Desk Lamp,Home,4,45,Europe
ORD-1466,2025-05-08,CUST-87,Terra-Flask 1L,Home,4,35,North America
ORD-1467,2025-02-28,CUST-4,Cloud-Walker Shoes,Apparel,1,120,Europe
ORD-1468,2025-02-16,CUST-64,Eco-Tee Organic,Apparel,4,25,Asia-Pacific
ORD-1469,2025-12-04,CUST-112,Eco-Tee Organic,Apparel,1,25,Latin America
ORD-1470,2025-04-03,CUST-44,Cloud-Walker Shoes,Apparel,3,120,Latin America
ORD-1471,2025-05-29,CUST-31,Lumina Desk Lamp,Home,4,45,Asia-Pacific
ORD-1472,2025-02-17,CUST-30,Nile-Buds Air,Electronics,1,199,Latin America
ORD-1473,2025-10-08,CUST-172,Terra-Flask 1L,Home,1,35,Europe
ORD-1474,2025-07-24,CUST-44,Smart-Watch X,Electronics,2,299,Asia-Pacific
ORD-1475,2025-08-08,CUST-152,Terra-Flask 1L,Home,2,35,Asia-Pacific
ORD-1476,2025-08-19,CUST-143,Lumina Desk Lamp,Home,4,45,Europe
ORD-1477,2025-01-18,CUST-49,Nile-Pad Pro,Electronics,4,799,Asia-Pacific
ORD-1478,2025-04-08,CUST-84,Nile-Buds Air,Electronics,1,199,Latin America
ORD-1479,2025-12-03,CUST-195,Smart-Watch X,Electronics,2,299,North America
ORD-1480,2025-11-27,CUST-173,Cloud-Walker Shoes,Apparel,3,120,Latin America
ORD-1481,2025-01-19,CUST-125,Terra-Flask 1L,Home,3,35,Europe
ORD-1482,2025-09-10,CUST-180,Terra-Flask 1L,Home,1,35,Asia-Pacific
ORD-1483,2025-09-05,CUST-186,Nile-Buds Air,Electronics,3,199,Latin America
ORD-1484,2025-11-06,CUST-68,Nile-Pad Pro,Electronics,3,799,Latin America
ORD-1485,2025-01-09,CUST-120,Smart-Watch X,Electronics,3,299,North America
ORD-1486,2025-02-22,CUST-87,Cloud-Walker Shoes,Apparel,1,120,North America
ORD-1487,2025-12-13,CUST-31,Nile-Pad Pro,Electronics,3,799,North America
ORD-1488,2025-04-14,CUST-133,Nile-Pad Pro,Electronics,4,799,North America
ORD-1489,2025-05-24,CUST-6,Cloud-Walker Shoes,Apparel,2,120,Latin America
ORD-1490,2025-12-24,CUST-114,Terra-Flask 1L,Home,2,35,Asia-Pacific
ORD-1491,2025-07-30,CUST-157,Cloud-Walker Shoes,Apparel,4,120,Asia-Pacific
ORD-1492,2025-07-01,CUST-122,Nile-Pad Pro,Electronics,3,799,Asia-Pacific
ORD-1493,2025-07-20,CUST-53,Lumina Desk Lamp,Home,3,45,Latin America
ORD-1494,2025-03-02,CUST-158,Eco-Tee Organic,Apparel,4,25,Latin America
ORD-1495,2025-04-11,CUST-108,Cloud-Walker Shoes,Apparel,4,120,Europe
ORD-1496,2025-09-07,CUST-121,Nile-Buds Air,Electronics,4,199,Europe
ORD-1497,2025-03-07,CUST-165,Smart-Watch X,Electronics,2,299,Asia-Pacific
ORD-1498,2025-12-26,CUST-28,Cloud-Walker Shoes,Apparel,1,120,North America
ORD-1499,2025-09-24,CUST-152,Nile-Buds Air,Electronics,3,199,Europe
ORD-1500,2025-08-12,CUST-188,Eco-Tee Organic,Apparel,4,25,Asia-Pacific
ORD-1501,2025-11-28,CUST-4,Nile-Buds Air,Electronics,2,199,Asia-Pacific
ORD-1502,2025-12-24,CUST-106,Cloud-Walker Shoes,Apparel,3,120,Europe
ORD-1503,2025-03-26,CUST-96,Terra-Flask 1L,Home,3,35,Europe
ORD-1504,2025-12-12,CUST-62,Cloud-Walker Shoes,Apparel,1,120,North America
ORD-1505,2025-10-27,CUST-151,Nile-Pad Pro,Electronics,1,799,Latin America
ORD-1506,2025-12-03,CUST-163,Terra-Flask 1L,Home,1,35,Europe
ORD-1507,2025-02-01,CUST-59,Nile-Pad Pro,Electronics,4,799,Latin America
ORD-1508,2025-04-14,CUST-161,Nile-Pad Pro,Electronics,3,799,Asia-Pacific
ORD-1509,2025-06-05,CUST-78,Eco-Tee Organic,Apparel,3,25,North America
ORD-1510,2025-05-03,CUST-103,Smart-Watch X,Electronics,1,299,Asia-Pacific
ORD-1511,2025-04-28,CUST-194,Terra-Flask 1L,Home,2,35,Asia-Pacific
ORD-1512,2025-11-08,CUST-11,Terra-Flask 1L,Home,2,35,Europe
ORD-1513,2025-09-29,CUST-144,Eco-Tee Organic,Apparel,1,25,Asia-Pacific
ORD-1514,2025-12-05,CUST-164,Terra-Flask 1L,Home,3,35,Europe
ORD-1515,2025-11-10,CUST-63,Terra-Flask 1L,Home,3,35,Europe
ORD-1516,2025-05-26,CUST-63,Terra-Flask 1L,Home,2,35,Asia-Pacific
ORD-1517,2025-04-17,CUST-8,Terra-Flask 1L,Home,3,35,Latin America
ORD-1518,2025-06-21,CUST-184,Lumina Desk Lamp,Home,4,45,North America
ORD-1519,2025-08-19,CUST-112,Eco-Tee Organic,Apparel,2,25,Asia-Pacific
ORD-1520,2025-10-07,CUST-154,Cloud-Walker Shoes,Apparel,2,120,North America
ORD-1521,2025-09-01,CUST-189,Cloud-Walker Shoes,Apparel,1,120,Europe
ORD-1522,2025-11-03,CUST-157,Nile-Buds Air,Electronics,2,199,North America
ORD-1523,2025-12-31,CUST-54,Nile-Buds Air,Electronics,1,199,Asia-Pacific
ORD-1524,2025-07-17,CUST-111,Nile-Pad Pro,Electronics,2,799,Europe
ORD-1525,2025-11-21,CUST-194,Eco-Tee Organic,Apparel,3,25,Asia-Pacific
ORD-1526,2025-02-26,CUST-66,Nile-Pad Pro,Electronics,3,799,Europe
ORD-1527,2025-09-21,CUST-37,Terra-Flask 1L,Home,3,35,Asia-Pacific
ORD-1528,2025-11-17,CUST-32,Cloud-Walker Shoes,Apparel,1,120,Asia-Pacific
ORD-1529,2025-09-26,CUST-139,Terra-Flask 1L,Home,3,35,Latin America
ORD-1530,2025-09-05,CUST-131,Nile-Pad Pro,Electronics,2,799,Latin America
ORD-1531,2025-03-18,CUST-90,Cloud-Walker Shoes,Apparel,2,120,Europe
ORD-1532,2025-01-23,CUST-1,Eco-Tee Organic,Apparel,2,25,Europe
ORD-1533,2025-06-22,CUST-60,Smart-Watch X,Electronics,4,299,Europe
ORD-1534,2025-01-27,CUST-173,Terra-Flask 1L,Home,3,35,Asia-Pacific
ORD-1535,2025-05-12,CUST-154,Terra-Flask 1L,Home,1,35,Latin America
ORD-1536,2025-08-18,CUST-194,Nile-Pad Pro,Electronics,2,799,Europe
ORD-1537,2025-07-09,CUST-74,Nile-Buds Air,Electronics,3,199,North America
ORD-1538,2025-08-19,CUST-158,Nile-Pad Pro,Electronics,2,799,North America
ORD-1539,2025-12-31,CUST-26,Cloud-Walker Shoes,Apparel,2,120,Europe
ORD-1540,2025-03-15,CUST-5,Smart-Watch X,Electronics,2,299,North America
ORD-1541,2025-06-12,CUST-199,Lumina Desk Lamp,Home,1,45,Europe
ORD-1542,2025-08-29,CUST-87,Nile-Pad Pro,Electronics,2,799,Europe
ORD-1543,2025-04-04,CUST-196,Cloud-Walker Shoes,Apparel,4,120,Asia-Pacific
ORD-1544,2025-09-22,CUST-50,Smart-Watch X,Electronics,1,299,Latin America
ORD-1545,2025-10-04,CUST-151,Lumina Desk Lamp,Home,4,45,Asia-Pacific
ORD-1546,2025-06-14,CUST-179,Smart-Watch X,Electronics,4,299,Asia-Pacific
ORD-1547,2025-08-03,CUST-196,Terra-Flask 1L,Home,1,35,Asia-Pacific
ORD-1548,2025-10-22,CUST-30,Smart-Watch X,Electronics,1,299,Europe
ORD-1549,2025-08-15,CUST-140,Cloud-Walker Shoes,Apparel,3,120,Europe
ORD-1550,2025-12-10,CUST-150,Cloud-Walker Shoes,Apparel,2,120,North America
ORD-1551,2025-05-20,CUST-170,Eco-Tee Organic,Apparel,3,25,Latin America
ORD-1552,2025-03-17,CUST-68,Lumina Desk Lamp,Home,3,45,Latin America
ORD-1553,2025-03-06,CUST-18,Terra-Flask 1L,Home,2,35,Europe
ORD-1554,2025-10-30,CUST-24,Nile-Buds Air,Electronics,1,199,Asia-Pacific
ORD-1555,2025-01-30,CUST-33,Nile-Buds Air,Electronics,2,199,North America
ORD-1556,2025-01-28,CUST-187,Nile-Buds Air,Electronics,2,199,Latin America
ORD-1557,2025-07-20,CUST-128,Smart-Watch X,Electronics,1,299,Latin America
ORD-1558,2025-10-13,CUST-93,Nile-Buds Air,Electronics,1,199,Asia-Pacific
ORD-1559,2025-03-02,CUST-40,Terra-Flask 1L,Home,3,35,Asia-Pacific
ORD-1560,2025-04-08,CUST-189,Terra-Flask 1L,Home,3,35,Europe
ORD-1561,2025-03-09,CUST-37,Smart-Watch X,Electronics,2,299,Asia-Pacific
ORD-1562,2025-08-30,CUST-49,Cloud-Walker Shoes,Apparel,3,120,Asia-Pacific
ORD-1563,2025-09-04,CUST-147,Lumina Desk Lamp,Home,3,45,North America
ORD-1564,2025-02-26,CUST-112,Nile-Buds Air,Electronics,1,199,Latin America
ORD-1565,2025-05-03,CUST-152,Eco-Tee Organic,Apparel,3,25,Asia-Pacific
ORD-1566,2025-01-18,CUST-179,Terra-Flask 1L,Home,4,35,Asia-Pacific
ORD-1567,2025-05-08,CUST-88,Lumina Desk Lamp,Home,3,45,Asia-Pacific
ORD-1568,2025-02-03,CUST-40,Eco-Tee Organic,Apparel,1,25,Latin America
ORD-1569,2025-12-20,CUST-165,Terra-Flask 1L,Home,3,35,Asia-Pacific
ORD-1570,2025-08-27,CUST-119,Smart-Watch X,Electronics,4,299,Latin America
ORD-1571,2025-10-01,CUST-18,Smart-Watch X,Electronics,4,299,Europe
ORD-1572,2025-11-09,CUST-75,Smart-Watch X,Electronics,3,299,Asia-Pacific
ORD-1573,2025-09-08,CUST-112,Lumina Desk Lamp,Home,2,45,Latin America
ORD-1574,2025-01-23,CUST-106,Lumina Desk Lamp,Home,2,45,Europe
ORD-1575,2025-12-04,CUST-71,Eco-Tee Organic,Apparel,1,25,Latin America
ORD-1576,2025-08-08,CUST-54,Smart-Watch X,Electronics,3,299,North America
ORD-1577,2025-01-22,CUST-27,Nile-Buds Air,Electronics,1,199,Latin America
ORD-1578,2025-11-19,CUST-167,Lumina Desk Lamp,Home,3,45,Latin America
ORD-1579,2025-07-13,CUST-192,Cloud-Walker Shoes,Apparel,4,120,Asia-Pacific
ORD-1580,2025-04-23,CUST-180,Terra-Flask 1L,Home,1,35,Asia-Pacific
ORD-1581,2025-11-25,CUST-178,Cloud-Walker Shoes,Apparel,2,120,Europe
ORD-1582,2025-04-18,CUST-172,Terra-Flask 1L,Home,4,35,Asia-Pacific
ORD-1583,2025-04-26,CUST-64,Nile-Buds Air,Electronics,4,199,Latin America
ORD-1584,2025-08-21,CUST-162,Terra-Flask 1L,Home,1,35,North America
ORD-1585,2025-04-21,CUST-186,Nile-Pad Pro,Electronics,4,799,Europe
ORD-1586,2025-06-12,CUST-75,Nile-Pad Pro,Electronics,2,799,Europe
ORD-1587,2025-01-08,CUST-178,Smart-Watch X,Electronics,1,299,Europe
ORD-1588,2025-01-23,CUST-166,Nile-Pad Pro,Electronics,3,799,Asia-Pacific
ORD-1589,2025-03-28,CUST-137,Cloud-Walker Shoes,Apparel,1,120,Europe
ORD-1590,2025-11-22,CUST-163,Nile-Buds Air,Electronics,2,199,North America
ORD-1591,2025-02-16,CUST-152,Eco-Tee Organic,Apparel,4,25,North America
ORD-1592,2025-10-02,CUST-26,Nile-Pad Pro,Electronics,2,799,Latin America
ORD-1593,2025-11-23,CUST-34,Nile-Buds Air,Electronics,4,199,North America
ORD-1594,2025-07-19,CUST-126,Cloud-Walker Shoes,Apparel,1,120,Asia-Pacific
ORD-1595,2025-03-07,CUST-99,Lumina Desk Lamp,Home,2,45,North America
ORD-1596,2025-08-04,CUST-161,Nile-Buds Air,Electronics,4,199,Asia-Pacific
ORD-1597,2025-04-23,CUST-140,Nile-Pad Pro,Electronics,1,799,Europe
ORD-1598,2025-05-13,CUST-78,Nile-Buds Air,Electronics,4,199,Europe
ORD-1599,2025-05-31,CUST-51,Lumina Desk Lamp,Home,4,45,Latin America
ORD-1600,2025-04-19,CUST-31,Nile-Pad Pro,Electronics,1,799,Asia-Pacific
ORD-1601,2025-10-22,CUST-40,Eco-Tee Organic,Apparel,2,25,Asia-Pacific
ORD-1602,2025-11-07,CUST-36,Smart-Watch X,Electronics,3,299,North America
ORD-1603,2025-03-09,CUST-70,Nile-Pad Pro,Electronics,4,799,North America
ORD-1604,2025-06-07,CUST-184,Smart-Watch X,Electronics,1,299,Europe
ORD-1605,2025-05-25,CUST-31,Terra-Flask 1L,Home,1,35,Latin America
ORD-1606,2025-03-08,CUST-136,Lumina Desk Lamp,Home,4,45,Asia-Pacific
ORD-1607,2025-09-27,CUST-129,Lumina Desk Lamp,Home,4,45,Europe
ORD-1608,2025-11-15,CUST-4,Cloud-Walker Shoes,Apparel,4,120,North America
ORD-1609,2025-12-25,CUST-41,Eco-Tee Organic,Apparel,3,25,Europe
ORD-1610,2025-08-23,CUST-168,Terra-Flask 1L,Home,3,35,Latin America
ORD-1611,2025-10-10,CUST-141,Smart-Watch X,Electronics,3,299,Latin America
ORD-1612,2025-05-06,CUST-55,Smart-Watch X,Electronics,4,299,Latin America
ORD-1613,2025-07-02,CUST-71,Nile-Pad Pro,Electronics,1,799,North America
ORD-1614,2025-01-22,CUST-196,Terra-Flask 1L,Home,3,35,North America
ORD-1615,2025-03-05,CUST-133,Smart-Watch X,Electronics,4,299,Europe
ORD-1616,2025-09-21,CUST-70,Eco-Tee Organic,Apparel,4,25,Latin America
ORD-1617,2025-11-18,CUST-126,Nile-Pad Pro,Electronics,1,799,Latin America
ORD-1618,2025-11-12,CUST-1,Lumina Desk Lamp,Home,1,45,Asia-Pacific
ORD-1619,2025-12-26,CUST-51,Eco-Tee Organic,Apparel,3,25,Asia-Pacific
ORD-1620,2025-09-18,CUST-83,Terra-Flask 1L,Home,3,35,Europe
ORD-1621,2025-10-22,CUST-18,Lumina Desk Lamp,Home,4,45,Latin America
ORD-1622,2025-09-30,CUST-170,Terra-Flask 1L,Home,2,35,Latin America
ORD-1623,2025-04-27,CUST-129,Terra-Flask 1L,Home,2,35,Latin America
ORD-1624,2025-02-09,CUST-100,Cloud-Walker Shoes,Apparel,4,120,Asia-Pacific
ORD-1625,2025-01-09,CUST-190,Nile-Pad Pro,Electronics,1,799,North America
ORD-1626,2025-03-01,CUST-134,Nile-Buds Air,Electronics,3,199,Europe
ORD-1627,2025-08-07,CUST-65,Cloud-Walker Shoes,Apparel,3,120,Latin America
ORD-1628,2025-12-29,CUST-148,Nile-Pad Pro,Electronics,4,799,Europe
ORD-1629,2025-02-08,CUST-143,Nile-Pad Pro,Electronics,2,799,Europe
ORD-1630,2025-10-10,CUST-191,Lumina Desk Lamp,Home,1,45,Europe
ORD-1631,2025-04-29,CUST-9,Lumina Desk Lamp,Home,3,45,Asia-Pacific
ORD-1632,2025-02-08,CUST-111,Smart-Watch X,Electronics,3,299,Europe
ORD-1633,2025-09-19,CUST-153,Nile-Buds Air,Electronics,3,199,Asia-Pacific
ORD-1634,2025-10-10,CUST-135,Cloud-Walker Shoes,Apparel,4,120,Europe
ORD-1635,2025-03-20,CUST-156,Lumina Desk Lamp,Home,3,45,Asia-Pacific
ORD-1636,2025-07-14,CUST-90,Nile-Buds Air,Electronics,1,199,North America
ORD-1637,2025-09-15,CUST-109,Lumina Desk Lamp,Home,1,45,Europe
ORD-1638,2025-01-14,CUST-56,Terra-Flask 1L,Home,1,35,North America
ORD-1639,2025-06-03,CUST-190,Eco-Tee Organic,Apparel,3,25,Europe
ORD-1640,2025-03-10,CUST-82,Eco-Tee Organic,Apparel,1,25,Asia-Pacific
ORD-1641,2025-05-18,CUST-146,Cloud-Walker Shoes,Apparel,4,120,Asia-Pacific
ORD-1642,2025-11-21,CUST-82,Nile-Buds Air,Electronics,4,199,North America
ORD-1643,2025-12-04,CUST-64,Smart-Watch X,Electronics,2,299,Asia-Pacific
ORD-1644,2025-07-27,CUST-10,Nile-Buds Air,Electronics,1,199,Europe
ORD-1645,2025-05-18,CUST-197,Smart-Watch X,Electronics,1,299,North America
ORD-1646,2025-12-16,CUST-110,Lumina Desk Lamp,Home,1,45,Latin America
ORD-1647,2025-04-13,CUST-1,Eco-Tee Organic,Apparel,4,25,Asia-Pacific
ORD-1648,2025-07-29,CUST-137,Eco-Tee Organic,Apparel,4,25,Latin America
ORD-1649,2025-09-24,CUST-169,Eco-Tee Organic,Apparel,1,25,North America
ORD-1650,2025-06-30,CUST-40,Nile-Pad Pro,Electronics,3,799,Latin America
ORD-1651,2025-02-05,CUST-191,Terra-Flask 1L,Home,1,35,Asia-Pacific
ORD-1652,2025-06-16,CUST-122,Cloud-Walker Shoes,Apparel,2,120,North America
ORD-1653,2025-06-27,CUST-179,Cloud-Walker Shoes,Apparel,4,120,North America
ORD-1654,2025-01-12,CUST-51,Nile-Buds Air,Electronics,2,199,Europe
ORD-1655,2025-11-14,CUST-145,Nile-Pad Pro,Electronics,4,799,Latin America
ORD-1656,2025-04-19,CUST-179,Nile-Buds Air,Electronics,4,199,Asia-Pacific
ORD-1657,2025-08-13,CUST-189,Terra-Flask 1L,Home,3,35,Latin America
ORD-1658,2025-04-13,CUST-28,Nile-Pad Pro,Electronics,2,799,Europe
ORD-1659,2025-03-21,CUST-63,Eco-Tee Organic,Apparel,3,25,Latin America
ORD-1660,2025-09-28,CUST-191,Terra-Flask 1L,Home,4,35,North America
ORD-1661,2025-07-10,CUST-114,Smart-Watch X,Electronics,1,299,Asia-Pacific
ORD-1662,2025-02-19,CUST-199,Nile-Pad Pro,Electronics,2,799,Latin America
ORD-1663,2025-03-16,CUST-147,Smart-Watch X,Electronics,4,299,North America
ORD-1664,2025-07-16,CUST-24,Eco-Tee Organic,Apparel,3,25,North America
ORD-1665,2025-04-25,CUST-124,Nile-Pad Pro,Electronics,1,799,North America
ORD-1666,2025-10-21,CUST-142,Smart-Watch X,Electronics,2,299,Asia-Pacific
ORD-1667,2025-09-28,CUST-79,Nile-Pad Pro,Electronics,3,799,Asia-Pacific
ORD-1668,2025-05-30,CUST-92,Terra-Flask 1L,Home,2,35,Asia-Pacific
ORD-1669,2025-08-11,CUST-177,Smart-Watch X,Electronics,4,299,Europe
ORD-1670,2025-06-07,CUST-52,Lumina Desk Lamp,Home,2,45,North America
ORD-1671,2025-01-14,CUST-199,Terra-Flask 1L,Home,3,35,Latin America
ORD-1672,2025-06-28,CUST-180,Smart-Watch X,Electronics,4,299,Latin America
ORD-1673,2025-11-11,CUST-108,Lumina Desk Lamp,Home,4,45,North America
ORD-1674,2025-07-29,CUST-4,Eco-Tee Organic,Apparel,4,25,Latin America
ORD-1675,2025-10-17,CUST-161,Nile-Pad Pro,Electronics,1,799,Latin America
ORD-1676,2025-07-23,CUST-4,Terra-Flask 1L,Home,2,35,Latin America
ORD-1677,2025-02-03,CUST-90,Terra-Flask 1L,Home,1,35,Asia-Pacific
ORD-1678,2025-04-12,CUST-126,Lumina Desk Lamp,Home,2,45,Latin America
ORD-1679,2025-10-03,CUST-94,Nile-Pad Pro,Electronics,1,799,Europe
ORD-1680,2025-02-19,CUST-89,Nile-Buds Air,Electronics,4,199,North America
ORD-1681,2025-08-09,CUST-170,Cloud-Walker Shoes,Apparel,2,120,Asia-Pacific
ORD-1682,2025-11-15,CUST-54,Terra-Flask 1L,Home,4,35,Latin America
ORD-1683,2025-02-03,CUST-73,Cloud-Walker Shoes,Apparel,4,120,North America
ORD-1684,2025-12-06,CUST-84,Terra-Flask 1L,Home,2,35,North America
ORD-1685,2025-06-16,CUST-75,Smart-Watch X,Electronics,2,299,North America
ORD-1686,2025-01-19,CUST-40,Cloud-Walker Shoes,Apparel,4,120,Latin America
ORD-1687,2025-11-05,CUST-87,Eco-Tee Organic,Apparel,3,25,Latin America
ORD-1688,2025-08-29,CUST-23,Nile-Buds Air,Electronics,1,199,Latin America
ORD-1689,2025-07-01,CUST-116,Nile-Buds Air,Electronics,1,199,North America
ORD-1690,2025-09-21,CUST-87,Eco-Tee Organic,Apparel,2,25,North America
ORD-1691,2025-02-16,CUST-128,Nile-Buds Air,Electronics,2,199,Latin America
ORD-1692,2025-06-28,CUST-42,Nile-Pad Pro,Electronics,3,799,Asia-Pacific
ORD-1693,2025-10-09,CUST-133,Terra-Flask 1L,Home,3,35,Latin America
ORD-1694,2025-03-28,CUST-23,Terra-Flask 1L,Home,3,35,Asia-Pacific
ORD-1695,2025-06-21,CUST-141,Smart-Watch X,Electronics,4,299,North America
ORD-1696,2025-05-30,CUST-158,Eco-Tee Organic,Apparel,2,25,Latin America
ORD-1697,2025-05-30,CUST-191,Lumina Desk Lamp,Home,1,45,North America
ORD-1698,2025-07-11,CUST-26,Terra-Flask 1L,Home,1,35,Europe
ORD-1699,2025-10-18,CUST-126,Nile-Pad Pro,Electronics,1,799,North America
ORD-1700,2025-05-06,CUST-75,Eco-Tee Organic,Apparel,3,25,Latin America
ORD-1701,2025-12-27,CUST-21,Nile-Pad Pro,Electronics,3,799,Asia-Pacific
ORD-1702,2025-11-14,CUST-129,Cloud-Walker Shoes,Apparel,4,120,Asia-Pacific
ORD-1703,2025-10-18,CUST-17,Terra-Flask 1L,Home,2,35,Asia-Pacific
ORD-1704,2025-09-05,CUST-111,Nile-Pad Pro,Electronics,2,799,Latin America
ORD-1705,2025-06-10,CUST-44,Terra-Flask 1L,Home,2,35,North America
ORD-1706,2025-08-07,CUST-10,Nile-Pad Pro,Electronics,3,799,North America
ORD-1707,2025-01-16,CUST-2,Cloud-Walker Shoes,Apparel,1,120,Latin America
ORD-1708,2025-10-13,CUST-37,Cloud-Walker Shoes,Apparel,2,120,Asia-Pacific
ORD-1709,2025-09-25,CUST-138,Smart-Watch X,Electronics,4,299,Asia-Pacific
ORD-1710,2025-07-23,CUST-173,Cloud-Walker Shoes,Apparel,3,120,Latin America
ORD-1711,2025-10-02,CUST-84,Smart-Watch X,Electronics,2,299,Europe
ORD-1712,2025-08-24,CUST-69,Lumina Desk Lamp,Home,3,45,Latin America
ORD-1713,2025-11-18,CUST-166,Terra-Flask 1L,Home,3,35,North America
ORD-1714,2025-11-24,CUST-182,Nile-Buds Air,Electronics,3,199,North America
ORD-1715,2025-10-05,CUST-4,Cloud-Walker Shoes,Apparel,3,120,Asia-Pacific
ORD-1716,2025-01-11,CUST-134,Smart-Watch X,Electronics,1,299,North America
ORD-1717,2025-01-05,CUST-28,Cloud-Walker Shoes,Apparel,4,120,Europe
ORD-1718,2025-02-24,CUST-71,Cloud-Walker Shoes,Apparel,4,120,North America
ORD-1719,2025-08-21,CUST-136,Terra-Flask 1L,Home,4,35,North America
ORD-1720,2025-07-23,CUST-94,Cloud-Walker Shoes,Apparel,4,120,Europe
ORD-1721,2025-08-25,CUST-168,Eco-Tee Organic,Apparel,4,25,Latin America
ORD-1722,2025-06-14,CUST-116,Lumina Desk Lamp,Home,2,45,North America
ORD-1723,2025-07-19,CUST-37,Nile-Buds Air,Electronics,4,199,Asia-Pacific
ORD-1724,2025-05-20,CUST-33,Smart-Watch X,Electronics,3,299,North America
ORD-1725,2025-08-17,CUST-181,Eco-Tee Organic,Apparel,3,25,Asia-Pacific
ORD-1726,2025-09-23,CUST-70,Lumina Desk Lamp,Home,2,45,Latin America
ORD-1727,2025-05-07,CUST-17,Cloud-Walker Shoes,Apparel,1,120,Asia-Pacific
ORD-1728,2025-11-04,CUST-112,Nile-Pad Pro,Electronics,3,799,North America
ORD-1729,2025-10-08,CUST-49,Nile-Pad Pro,Electronics,4,799,Asia-Pacific
ORD-1730,2025-02-01,CUST-68,Lumina Desk Lamp,Home,3,45,Europe
ORD-1731,2025-05-19,CUST-20,Terra-Flask 1L,Home,4,35,Latin America
ORD-1732,2025-12-26,CUST-79,Smart-Watch X,Electronics,1,299,Latin America
ORD-1733,2025-03-20,CUST-178,Lumina Desk Lamp,Home,4,45,Latin America
ORD-1734,2025-09-29,CUST-80,Nile-Buds Air,Electronics,2,199,Europe
ORD-1735,2025-11-28,CUST-95,Eco-Tee Organic,Apparel,3,25,North America
ORD-1736,2025-04-15,CUST-8,Nile-Pad Pro,Electronics,3,799,Asia-Pacific
ORD-1737,2025-04-21,CUST-4,Smart-Watch X,Electronics,3,299,Asia-Pacific
ORD-1738,2025-04-11,CUST-9,Lumina Desk Lamp,Home,1,45,North America
ORD-1739,2025-02-21,CUST-12,Smart-Watch X,Electronics,2,299,Latin America
ORD-1740,2025-09-03,CUST-172,Nile-Pad Pro,Electronics,2,799,Asia-Pacific
ORD-1741,2025-11-04,CUST-143,Lumina Desk Lamp,Home,4,45,North America
ORD-1742,2025-04-19,CUST-129,Nile-Buds Air,Electronics,3,199,Latin America
ORD-1743,2025-03-24,CUST-52,Nile-Buds Air,Electronics,2,199,Europe
ORD-1744,2025-06-04,CUST-109,Terra-Flask 1L,Home,3,35,North America
ORD-1745,2025-04-12,CUST-68,Smart-Watch X,Electronics,2,299,North America
ORD-1746,2025-06-03,CUST-156,Cloud-Walker Shoes,Apparel,4,120,North America
ORD-1747,2025-02-12,CUST-79,Nile-Pad Pro,Electronics,1,799,Europe
ORD-1748,2025-03-11,CUST-24,Terra-Flask 1L,Home,3,35,Europe
ORD-1749,2025-07-01,CUST-103,Nile-Buds Air,Electronics,1,199,Latin America
ORD-1750,2025-09-13,CUST-198,Nile-Pad Pro,Electronics,3,799,Latin America
ORD-1751,2025-12-10,CUST-59,Eco-Tee Organic,Apparel,2,25,North America
ORD-1752,2025-10-11,CUST-145,Nile-Buds Air,Electronics,4,199,Europe
ORD-1753,2025-04-24,CUST-148,Cloud-Walker Shoes,Apparel,1,120,Europe
ORD-1754,2025-08-30,CUST-187,Terra-Flask 1L,Home,1,35,Europe
ORD-1755,2025-11-26,CUST-105,Smart-Watch X,Electronics,3,299,Latin America
ORD-1756,2025-12-31,CUST-28,Nile-Buds Air,Electronics,1,199,North America
ORD-1757,2025-04-03,CUST-41,Lumina Desk Lamp,Home,1,45,North America
ORD-1758,2025-10-28,CUST-129,Terra-Flask 1L,Home,3,35,Asia-Pacific
ORD-1759,2025-05-15,CUST-46,Nile-Buds Air,Electronics,2,199,Asia-Pacific
ORD-1760,2025-06-27,CUST-47,Lumina Desk Lamp,Home,3,45,Europe
ORD-1761,2025-01-16,CUST-168,Lumina Desk Lamp,Home,3,45,North America
ORD-1762,2025-01-10,CUST-69,Smart-Watch X,Electronics,4,299,North America
ORD-1763,2025-01-10,CUST-164,Cloud-Walker Shoes,Apparel,2,120,Latin America
ORD-1764,2025-04-03,CUST-136,Cloud-Walker Shoes,Apparel,2,120,Europe
ORD-1765,2025-07-11,CUST-41,Nile-Buds Air,Electronics,1,199,North America
ORD-1766,2025-02-26,CUST-58,Nile-Buds Air,Electronics,1,199,North America
ORD-1767,2025-11-11,CUST-187,Lumina Desk Lamp,Home,3,45,Latin America
ORD-1768,2025-10-20,CUST-67,Eco-Tee Organic,Apparel,2,25,North America
ORD-1769,2025-06-24,CUST-172,Nile-Buds Air,Electronics,3,199,North America
ORD-1770,2025-08-06,CUST-98,Terra-Flask 1L,Home,2,35,Asia-Pacific
ORD-1771,2025-09-05,CUST-87,Nile-Pad Pro,Electronics,2,799,Europe
ORD-1772,2025-09-21,CUST-7,Eco-Tee Organic,Apparel,1,25,North America
ORD-1773,2025-07-07,CUST-147,Cloud-Walker Shoes,Apparel,2,120,Latin America
ORD-1774,2025-01-31,CUST-162,Nile-Buds Air,Electronics,1,199,North America
ORD-1775,2025-07-16,CUST-144,Smart-Watch X,Electronics,3,299,Europe
ORD-1776,2025-04-12,CUST-157,Terra-Flask 1L,Home,4,35,North America
ORD-1777,2025-05-24,CUST-95,Terra-Flask 1L,Home,4,35,North America
ORD-1778,2025-07-23,CUST-53,Nile-Buds Air,Electronics,3,199,North America
ORD-1779,2025-08-16,CUST-182,Eco-Tee Organic,Apparel,1,25,Europe
ORD-1780,2025-06-13,CUST-133,Terra-Flask 1L,Home,2,35,Latin America
ORD-1781,2025-10-30,CUST-22,Eco-Tee Organic,Apparel,4,25,North America
ORD-1782,2025-12-14,CUST-82,Eco-Tee Organic,Apparel,4,25,Latin America
ORD-1783,2025-11-23,CUST-51,Nile-Buds Air,Electronics,2,199,North America
ORD-1784,2025-11-06,CUST-175,Nile-Pad Pro,Electronics,1,799,Europe
ORD-1785,2025-07-15,CUST-102,Cloud-Walker Shoes,Apparel,1,120,Asia-Pacific
ORD-1786,2025-03-27,CUST-109,Cloud-Walker Shoes,Apparel,3,120,Asia-Pacific
ORD-1787,2025-11-09,CUST-117,Nile-Pad Pro,Electronics,4,799,Asia-Pacific
ORD-1788,2025-02-08,CUST-102,Cloud-Walker Shoes,Apparel,3,120,North America
ORD-1789,2025-05-23,CUST-26,Nile-Pad Pro,Electronics,2,799,Asia-Pacific
ORD-1790,2025-08-11,CUST-131,Eco-Tee Organic,Apparel,4,25,Europe
ORD-1791,2025-10-03,CUST-163,Lumina Desk Lamp,Home,4,45,Asia-Pacific
ORD-1792,2025-05-30,CUST-1,Terra-Flask 1L,Home,2,35,North America
ORD-1793,2025-01-24,CUST-78,Cloud-Walker Shoes,Apparel,2,120,Latin America
ORD-1794,2025-05-20,CUST-101,Terra-Flask 1L,Home,4,35,Latin America
ORD-1795,2025-07-08,CUST-169,Terra-Flask 1L,Home,4,35,North America
ORD-1796,2025-07-19,CUST-147,Nile-Pad Pro,Electronics,2,799,Latin America
ORD-1797,2025-11-01,CUST-13,Smart-Watch X,Electronics,3,299,Europe
ORD-1798,2025-08-26,CUST-100,Smart-Watch X,Electronics,1,299,Europe
ORD-1799,2025-07-03,CUST-175,Terra-Flask 1L,Home,4,35,Latin America
ORD-1800,2025-01-23,CUST-3,Smart-Watch X,Electronics,3,299,North America
ORD-1801,2025-01-01,CUST-75,Smart-Watch X,Electronics,4,299,Asia-Pacific
ORD-1802,2025-01-04,CUST-57,Cloud-Walker Shoes,Apparel,3,120,Asia-Pacific
ORD-1803,2025-02-09,CUST-95,Nile-Buds Air,Electronics,2,199,Asia-Pacific
ORD-1804,2025-05-22,CUST-95,Nile-Pad Pro,Electronics,3,799,Latin America
ORD-1805,2025-06-21,CUST-151,Smart-Watch X,Electronics,4,299,Latin America
ORD-1806,2025-09-18,CUST-60,Terra-Flask 1L,Home,2,35,Latin America
ORD-1807,2025-10-31,CUST-18,Cloud-Walker Shoes,Apparel,1,120,Latin America
ORD-1808,2025-10-09,CUST-4,Lumina Desk Lamp,Home,1,45,Asia-Pacific
ORD-1809,2025-09-01,CUST-190,Lumina Desk Lamp,Home,1,45,North America
ORD-1810,2025-04-14,CUST-110,Nile-Pad Pro,Electronics,1,799,North America
ORD-1811,2025-01-09,CUST-126,Nile-Buds Air,Electronics,1,199,Europe
ORD-1812,2025-12-21,CUST-43,Nile-Pad Pro,Electronics,3,799,North America
ORD-1813,2025-05-18,CUST-142,Smart-Watch X,Electronics,3,299,Europe
ORD-1814,2025-02-02,CUST-14,Eco-Tee Organic,Apparel,2,25,North America
ORD-1815,2025-05-27,CUST-65,Nile-Pad Pro,Electronics,4,799,Asia-Pacific
ORD-1816,2025-10-26,CUST-86,Cloud-Walker Shoes,Apparel,4,120,Europe
ORD-1817,2025-01-13,CUST-16,Cloud-Walker Shoes,Apparel,3,120,Europe
ORD-1818,2025-04-22,CUST-94,Nile-Pad Pro,Electronics,1,799,Asia-Pacific
ORD-1819,2025-05-16,CUST-38,Cloud-Walker Shoes,Apparel,1,120,Asia-Pacific
ORD-1820,2025-02-14,CUST-85,Nile-Pad Pro,Electronics,3,799,Europe
ORD-1821,2025-01-09,CUST-118,Smart-Watch X,Electronics,4,299,Asia-Pacific
ORD-1822,2025-11-24,CUST-119,Lumina Desk Lamp,Home,3,45,Asia-Pacific
ORD-1823,2025-07-09,CUST-77,Smart-Watch X,Electronics,1,299,Asia-Pacific
ORD-1824,2025-09-15,CUST-130,Nile-Pad Pro,Electronics,3,799,North America
ORD-1825,2025-10-01,CUST-10,Nile-Pad Pro,Electronics,4,799,Asia-Pacific
ORD-1826,2025-11-26,CUST-170,Terra-Flask 1L,Home,1,35,Asia-Pacific
ORD-1827,2025-07-21,CUST-197,Lumina Desk Lamp,Home,1,45,Latin America
ORD-1828,2025-05-03,CUST-135,Terra-Flask 1L,Home,4,35,Latin America
ORD-1829,2025-12-25,CUST-98,Cloud-Walker Shoes,Apparel,2,120,Asia-Pacific
ORD-1830,2025-04-09,CUST-107,Cloud-Walker Shoes,Apparel,1,120,Latin America
ORD-1831,2025-05-22,CUST-8,Eco-Tee Organic,Apparel,1,25,Latin America
ORD-1832,2025-11-29,CUST-131,Smart-Watch X,Electronics,4,299,Asia-Pacific
ORD-1833,2025-05-10,CUST-134,Lumina Desk Lamp,Home,1,45,Latin America
ORD-1834,2025-01-21,CUST-50,Cloud-Walker Shoes,Apparel,4,120,Europe
ORD-1835,2025-10-27,CUST-94,Lumina Desk Lamp,Home,3,45,Europe
ORD-1836,2025-06-03,CUST-190,Nile-Pad Pro,Electronics,2,799,Europe
ORD-1837,2025-05-28,CUST-140,Nile-Pad Pro,Electronics,2,799,Latin America
ORD-1838,2025-01-06,CUST-48,Terra-Flask 1L,Home,1,35,Latin America
ORD-1839,2025-05-31,CUST-77,Terra-Flask 1L,Home,3,35,Latin America
ORD-1840,2025-03-21,CUST-110,Terra-Flask 1L,Home,4,35,North America
ORD-1841,2025-12-24,CUST-185,Lumina Desk Lamp,Home,1,45,Asia-Pacific
ORD-1842,2025-01-27,CUST-161,Lumina Desk Lamp,Home,2,45,Asia-Pacific
ORD-1843,2025-11-16,CUST-105,Nile-Buds Air,Electronics,3,199,Asia-Pacific
ORD-1844,2025-07-29,CUST-35,Smart-Watch X,Electronics,4,299,Europe
ORD-1845,2025-11-27,CUST-130,Eco-Tee Organic,Apparel,2,25,North America
ORD-1846,2025-11-12,CUST-68,Smart-Watch X,Electronics,3,299,Europe
ORD-1847,2025-07-07,CUST-97,Nile-Buds Air,Electronics,2,199,North America
ORD-1848,2025-03-12,CUST-193,Cloud-Walker Shoes,Apparel,2,120,Latin America
ORD-1849,2025-07-20,CUST-41,Lumina Desk Lamp,Home,3,45,Latin America
ORD-1850,2025-02-17,CUST-28,Lumina Desk Lamp,Home,1,45,Asia-Pacific
ORD-1851,2025-01-13,CUST-91,Eco-Tee Organic,Apparel,3,25,North America
ORD-1852,2025-07-03,CUST-67,Cloud-Walker Shoes,Apparel,1,120,Asia-Pacific
ORD-1853,2025-01-16,CUST-1,Cloud-Walker Shoes,Apparel,1,120,Asia-Pacific
ORD-1854,2025-04-15,CUST-98,Nile-Buds Air,Electronics,4,199,Latin America
ORD-1855,2025-09-30,CUST-34,Eco-Tee Organic,Apparel,4,25,Asia-Pacific
ORD-1856,2025-10-30,CUST-139,Nile-Pad Pro,Electronics,1,799,Asia-Pacific
ORD-1857,2025-12-05,CUST-8,Cloud-Walker Shoes,Apparel,1,120,Asia-Pacific
ORD-1858,2025-03-14,CUST-156,Eco-Tee Organic,Apparel,1,25,North America
ORD-1859,2025-04-24,CUST-12,Nile-Buds Air,Electronics,4,199,Latin America
ORD-1860,2025-02-03,CUST-29,Nile-Buds Air,Electronics,2,199,North America
ORD-1861,2025-03-07,CUST-74,Smart-Watch X,Electronics,1,299,Latin America
ORD-1862,2025-05-25,CUST-189,Nile-Buds Air,Electronics,1,199,North America
ORD-1863,2025-11-28,CUST-121,Smart-Watch X,Electronics,2,299,Europe
ORD-1864,2025-06-24,CUST-52,Smart-Watch X,Electronics,4,299,North America
ORD-1865,2025-01-24,CUST-88,Nile-Buds Air,Electronics,4,199,Europe
ORD-1866,2025-12-13,CUST-7,Lumina Desk Lamp,Home,3,45,Latin America
ORD-1867,2025-06-18,CUST-108,Nile-Pad Pro,Electronics,2,799,Latin America
ORD-1868,2025-11-18,CUST-55,Eco-Tee Organic,Apparel,4,25,Europe
ORD-1869,2025-09-12,CUST-197,Nile-Buds Air,Electronics,2,199,North America
ORD-1870,2025-07-25,CUST-80,Cloud-Walker Shoes,Apparel,1,120,Europe
ORD-1871,2025-06-19,CUST-104,Cloud-Walker Shoes,Apparel,1,120,Asia-Pacific
ORD-1872,2025-09-20,CUST-74,Nile-Pad Pro,Electronics,3,799,North America
ORD-1873,2025-10-31,CUST-99,Terra-Flask 1L,Home,2,35,Asia-Pacific
ORD-1874,2025-10-24,CUST-193,Lumina Desk Lamp,Home,1,45,North America
ORD-1875,2025-03-05,CUST-94,Lumina Desk Lamp,Home,2,45,Europe
ORD-1876,2025-09-07,CUST-194,Lumina Desk Lamp,Home,4,45,North America
ORD-1877,2025-05-06,CUST-68,Nile-Pad Pro,Electronics,4,799,Asia-Pacific
ORD-1878,2025-07-11,CUST-162,Terra-Flask 1L,Home,2,35,Europe
ORD-1879,2025-03-14,CUST-169,Eco-Tee Organic,Apparel,4,25,Europe
ORD-1880,2025-11-13,CUST-14,Nile-Pad Pro,Electronics,1,799,Asia-Pacific
ORD-1881,2025-12-28,CUST-113,Nile-Pad Pro,Electronics,4,799,Asia-Pacific
ORD-1882,2025-02-24,CUST-120,Cloud-Walker Shoes,Apparel,2,120,Latin America
ORD-1883,2025-05-18,CUST-34,Smart-Watch X,Electronics,4,299,Asia-Pacific
ORD-1884,2025-05-22,CUST-75,Nile-Buds Air,Electronics,2,199,Asia-Pacific
ORD-1885,2025-05-29,CUST-76,Cloud-Walker Shoes,Apparel,1,120,North America
ORD-1886,2025-10-28,CUST-4,Smart-Watch X,Electronics,1,299,Asia-Pacific
ORD-1887,2025-12-05,CUST-11,Lumina Desk Lamp,Home,2,45,Europe
ORD-1888,2025-04-22,CUST-111,Cloud-Walker Shoes,Apparel,3,120,North America
ORD-1889,2025-05-05,CUST-161,Terra-Flask 1L,Home,4,35,Latin America
ORD-1890,2025-05-20,CUST-38,Nile-Pad Pro,Electronics,1,799,Europe
ORD-1891,2025-05-17,CUST-75,Lumina Desk Lamp,Home,1,45,Asia-Pacific
ORD-1892,2025-05-18,CUST-133,Lumina Desk Lamp,Home,2,45,North America
ORD-1893,2025-12-20,CUST-34,Eco-Tee Organic,Apparel,2,25,North America
ORD-1894,2025-11-09,CUST-182,Smart-Watch X,Electronics,3,299,Europe
ORD-1895,2025-05-11,CUST-192,Cloud-Walker Shoes,Apparel,3,120,Latin America
ORD-1896,2025-07-08,CUST-76,Lumina Desk Lamp,Home,4,45,North America
ORD-1897,2025-11-23,CUST-91,Nile-Pad Pro,Electronics,2,799,Latin America
ORD-1898,2025-09-23,CUST-98,Nile-Pad Pro,Electronics,3,799,North America
ORD-1899,2025-08-31,CUST-3,Nile-Pad Pro,Electronics,3,799,Asia-Pacific
ORD-1900,2025-08-21,CUST-199,Terra-Flask 1L,Home,1,35,Asia-Pacific
ORD-1901,2025-08-08,CUST-73,Lumina Desk Lamp,Home,3,45,North America
ORD-1902,2025-12-17,CUST-191,Smart-Watch X,Electronics,4,299,North America
ORD-1903,2025-11-27,CUST-26,Nile-Pad Pro,Electronics,3,799,North America
ORD-1904,2025-12-17,CUST-35,Lumina Desk Lamp,Home,2,45,Latin America
ORD-1905,2025-09-25,CUST-127,Nile-Pad Pro,Electronics,2,799,Latin America
ORD-1906,2025-01-13,CUST-191,Eco-Tee Organic,Apparel,4,25,Europe
ORD-1907,2025-02-28,CUST-182,Lumina Desk Lamp,Home,3,45,North America
ORD-1908,2025-01-18,CUST-179,Nile-Buds Air,Electronics,1,199,Latin America
ORD-1909,2025-10-05,CUST-65,Lumina Desk Lamp,Home,3,45,North America
ORD-1910,2025-04-13,CUST-12,Cloud-Walker Shoes,Apparel,1,120,Asia-Pacific
ORD-1911,2025-06-01,CUST-23,Smart-Watch X,Electronics,3,299,North America
ORD-1912,2025-03-28,CUST-24,Smart-Watch X,Electronics,1,299,Asia-Pacific
ORD-1913,2025-07-14,CUST-179,Lumina Desk Lamp,Home,1,45,Asia-Pacific
ORD-1914,2025-04-30,CUST-53,Lumina Desk Lamp,Home,4,45,Latin America
ORD-1915,2025-09-19,CUST-153,Terra-Flask 1L,Home,4,35,Latin America
ORD-1916,2025-12-22,CUST-115,Cloud-Walker Shoes,Apparel,3,120,Latin America
ORD-1917,2025-01-13,CUST-196,Terra-Flask 1L,Home,2,35,Asia-Pacific
ORD-1918,2025-11-16,CUST-195,Lumina Desk Lamp,Home,1,45,Asia-Pacific
ORD-1919,2025-06-13,CUST-133,Terra-Flask 1L,Home,2,35,North America
ORD-1920,2025-05-03,CUST-160,Eco-Tee Organic,Apparel,3,25,Latin America
ORD-1921,2025-05-17,CUST-76,Lumina Desk Lamp,Home,3,45,Asia-Pacific
ORD-1922,2025-01-22,CUST-175,Nile-Buds Air,Electronics,4,199,Asia-Pacific
ORD-1923,2025-08-12,CUST-34,Nile-Pad Pro,Electronics,2,799,Asia-Pacific
ORD-1924,2025-04-16,CUST-195,Nile-Pad Pro,Electronics,4,799,Asia-Pacific
ORD-1925,2025-01-07,CUST-144,Nile-Buds Air,Electronics,4,199,Latin America
ORD-1926,2025-07-07,CUST-6,Nile-Pad Pro,Electronics,3,799,Latin America
ORD-1927,2025-07-18,CUST-132,Nile-Pad Pro,Electronics,4,799,Europe
ORD-1928,2025-12-04,CUST-75,Lumina Desk Lamp,Home,3,45,Latin America
ORD-1929,2025-09-03,CUST-86,Cloud-Walker Shoes,Apparel,4,120,Europe
ORD-1930,2025-06-15,CUST-178,Eco-Tee Organic,Apparel,4,25,Europe
ORD-1931,2025-02-24,CUST-86,Lumina Desk Lamp,Home,4,45,Latin America
ORD-1932,2025-09-21,CUST-170,Terra-Flask 1L,Home,4,35,Europe
ORD-1933,2025-07-29,CUST-43,Lumina Desk Lamp,Home,4,45,North America
ORD-1934,2025-03-02,CUST-10,Terra-Flask 1L,Home,2,35,Europe
ORD-1935,2025-12-27,CUST-35,Terra-Flask 1L,Home,3,35,Latin America
ORD-1936,2025-09-13,CUST-189,Terra-Flask 1L,Home,3,35,Europe
ORD-1937,2025-08-25,CUST-197,Nile-Buds Air,Electronics,4,199,North America
ORD-1938,2025-07-09,CUST-195,Cloud-Walker Shoes,Apparel,4,120,Latin America
ORD-1939,2025-12-15,CUST-117,Nile-Buds Air,Electronics,2,199,Latin America
ORD-1940,2025-04-14,CUST-60,Nile-Pad Pro,Electronics,2,799,Latin America
ORD-1941,2025-11-19,CUST-32,Lumina Desk Lamp,Home,2,45,Latin America
ORD-1942,2025-10-01,CUST-188,Nile-Pad Pro,Electronics,2,799,Europe
ORD-1943,2025-01-30,CUST-19,Nile-Buds Air,Electronics,1,199,Asia-Pacific
ORD-1944,2025-01-01,CUST-124,Lumina Desk Lamp,Home,1,45,Asia-Pacific
ORD-1945,2025-08-25,CUST-143,Eco-Tee Organic,Apparel,1,25,North America
ORD-1946,2025-04-28,CUST-175,Cloud-Walker Shoes,Apparel,2,120,North America
ORD-1947,2025-08-31,CUST-68,Eco-Tee Organic,Apparel,1,25,Asia-Pacific
ORD-1948,2025-12-13,CUST-183,Nile-Pad Pro,Electronics,2,799,Latin America
ORD-1949,2025-12-07,CUST-129,Eco-Tee Organic,Apparel,4,25,Europe
ORD-1950,2025-10-20,CUST-114,Nile-Pad Pro,Electronics,1,799,North America
ORD-1951,2025-11-21,CUST-166,Terra-Flask 1L,Home,3,35,Asia-Pacific
ORD-1952,2025-10-29,CUST-28,Nile-Pad Pro,Electronics,4,799,Latin America
ORD-1953,2025-12-02,CUST-36,Nile-Buds Air,Electronics,3,199,Latin America
ORD-1954,2025-05-23,CUST-140,Lumina Desk Lamp,Home,1,45,Latin America
ORD-1955,2025-03-17,CUST-14,Nile-Buds Air,Electronics,4,199,Latin America
ORD-1956,2025-04-12,CUST-169,Nile-Pad Pro,Electronics,4,799,Latin America
ORD-1957,2025-09-09,CUST-15,Nile-Buds Air,Electronics,3,199,Latin America
ORD-1958,2025-04-05,CUST-118,Cloud-Walker Shoes,Apparel,3,120,Latin America
ORD-1959,2025-08-20,CUST-122,Nile-Buds Air,Electronics,1,199,Latin America
ORD-1960,2025-06-07,CUST-123,Cloud-Walker Shoes,Apparel,3,120,Asia-Pacific
ORD-1961,2025-01-19,CUST-11,Nile-Buds Air,Electronics,4,199,Europe
ORD-1962,2025-02-01,CUST-58,Nile-Buds Air,Electronics,3,199,North America
ORD-1963,2025-01-04,CUST-157,Smart-Watch X,Electronics,2,299,Europe
ORD-1964,2025-04-14,CUST-49,Eco-Tee Organic,Apparel,2,25,North America
ORD-1965,2025-09-26,CUST-186,Nile-Pad Pro,Electronics,3,799,North America
ORD-1966,2025-04-11,CUST-29,Eco-Tee Organic,Apparel,2,25,North America
ORD-1967,2025-12-22,CUST-176,Terra-Flask 1L,Home,2,35,North America
ORD-1968,2025-08-13,CUST-43,Nile-Buds Air,Electronics,2,199,Latin America
ORD-1969,2025-10-16,CUST-166,Smart-Watch X,Electronics,4,299,North America
ORD-1970,2025-12-15,CUST-33,Lumina Desk Lamp,Home,3,45,Europe
ORD-1971,2025-01-28,CUST-44,Smart-Watch X,Electronics,4,299,Latin America
ORD-1972,2025-05-03,CUST-4,Lumina Desk Lamp,Home,4,45,Latin America
ORD-1973,2025-04-04,CUST-193,Nile-Pad Pro,Electronics,2,799,Latin America
ORD-1974,2025-02-06,CUST-135,Nile-Buds Air,Electronics,3,199,Asia-Pacific
ORD-1975,2025-04-11,CUST-80,Terra-Flask 1L,Home,4,35,North America
ORD-1976,2025-12-21,CUST-95,Smart-Watch X,Electronics,1,299,Europe
ORD-1977,2025-08-20,CUST-33,Terra-Flask 1L,Home,2,35,Europe
ORD-1978,2025-07-20,CUST-122,Lumina Desk Lamp,Home,4,45,Europe
ORD-1979,2025-08-17,CUST-123,Nile-Buds Air,Electronics,1,199,North America
ORD-1980,2025-02-10,CUST-184,Nile-Pad Pro,Electronics,2,799,North America
ORD-1981,2025-10-06,CUST-173,Eco-Tee Organic,Apparel,1,25,North America
ORD-1982,2025-11-18,CUST-4,Eco-Tee Organic,Apparel,2,25,Latin America
ORD-1983,2025-10-09,CUST-199,Cloud-Walker Shoes,Apparel,3,120,Asia-Pacific
ORD-1984,2025-08-09,CUST-25,Smart-Watch X,Electronics,1,299,North America
ORD-1985,2025-11-25,CUST-81,Nile-Buds Air,Electronics,1,199,Europe
ORD-1986,2025-07-12,CUST-30,Nile-Buds Air,Electronics,3,199,Europe
ORD-1987,2025-12-17,CUST-62,Nile-Pad Pro,Electronics,2,799,Europe
ORD-1988,2025-06-30,CUST-31,Nile-Buds Air,Electronics,2,199,North America
ORD-1989,2025-05-17,CUST-101,Lumina Desk Lamp,Home,4,45,North America
ORD-1990,2025-03-04,CUST-29,Nile-Pad Pro,Electronics,2,799,Asia-Pacific
ORD-1991,2025-08-29,CUST-34,Cloud-Walker Shoes,Apparel,1,120,Latin America
ORD-1992,2025-11-18,CUST-187,Terra-Flask 1L,Home,2,35,Asia-Pacific
ORD-1993,2025-05-14,CUST-172,Terra-Flask 1L,Home,1,35,North America
ORD-1994,2025-11-14,CUST-195,Nile-Buds Air,Electronics,2,199,Asia-Pacific
ORD-1995,2025-02-27,CUST-143,Smart-Watch X,Electronics,4,299,Europe
ORD-1996,2025-12-23,CUST-44,Nile-Pad Pro,Electronics,3,799,Latin America
ORD-1997,2025-11-23,CUST-164,Nile-Pad Pro,Electronics,1,799,Europe
ORD-1998,2025-05-14,CUST-176,Nile-Pad Pro,Electronics,2,799,North America
ORD-1999,2025-01-10,CUST-26,Smart-Watch X,Electronics,1,299,North America
